00000005_004.png 0 0 0 0 0 0 0 0 0 0 0 0 0 0
00000005_005.png 0 0 0 0 0 0 0 0 0 0 0 0 0 0
00000007_000.png 0 0 0 0 0 0 0 0 0 0 0 0 0 0
00000013_010.png 0 0 1 0 0 0 1 1 0 0 0 0 0 0
00000017_002.png 0 0 0 0 0 0 0 0 0 0 0 0 0 0
00000023_000.png 0 0 0 0 0 0 0 0 0 0 0 0 0 0
00000023_001.png 0 0 0 0 0 0 0 0 0 0 0 0 0 0
00000029_000.png 0 0 0 0 0 0 0 0 0 0 0 0 0 0
00000032_008.png 0 0 0 0 0 0 0 0 0 0 0 0 0 0
00000032_012.png 1 0 0 0 0 0 1 0 1 1 0 0 0 0
00000032_020.png 0 0 0 0 0 0 0 0 0 0 0 0 0 0
00000034_001.png 0 0 0 0 0 0 0 0 0 0 0 0 0 0
00000039_001.png 0 0 0 0 0 0 0 0 0 0 0 0 0 0
00000040_000.png 0 0 0 0 0 0 0 0 0 0 0 0 0 0
00000047_007.png 0 0 0 0 0 0 0 0 0 0 0 0 0 0
00000050_000.png 0 0 0 0 0 0 0 0 0 0 0 0 0 0
00000050_001.png 0 0 0 0 0 0 0 0 0 0 0 0 0 0
00000054_007.png 0 0 0 0 0 0 0 0 0 0 0 0 0 0
00000056_000.png 0 0 0 0 0 1 1 0 0 0 0 0 0 0
00000057_001.png 0 0 0 0 0 0 0 0 0 0 0 0 0 0
00000061_012.png 0 0 1 1 0 0 1 0 0 1 0 0 1 0
00000061_015.png 0 0 0 0 0 0 1 0 0 0 0 0 0 0
00000061_022.png 0 0 0 0 0 0 0 0 0 0 0 0 0 0
00000090_000.png 0 0 0 0 0 0 0 0 0 0 0 0 0 0
00000090_001.png 0 0 0 0 0 0 0 0 0 0 0 0 0 0
00000090_010.png 0 0 0 0 0 0 0 0 0 0 0 0 0 0
00000095_000.png 0 0 0 0 0 0 0 0 0 0 0 0 0 0
00000107_000.png 0 0 0 0 0 0 0 0 0 0 0 0 0 0
00000109_002.png 0 0 0 0 0 0 0 0 0 0 0 0 0 0
00000116_027.png 0 0 0 0 0 0 0 0 0 0 0 0 0 0
00000116_030.png 0 0 0 0 0 0 0 0 0 0 0 0 0 0
00000118_012.png 0 0 0 0 0 0 0 0 0 0 0 0 0 0
00000121_000.png 0 0 0 0 0 0 0 0 0 0 0 0 0 0
00000137_000.png 0 0 0 0 0 0 0 0 0 0 0 0 0 0
00000137_001.png 0 0 0 0 0 0 0 0 0 0 0 0 0 0
00000141_000.png 0 0 0 0 0 0 0 0 0 0 0 0 0 0
00000143_005.png 0 0 0 0 0 0 0 0 0 0 0 0 0 0
00000144_000.png 0 0 0 0 0 0 0 0 0 0 0 0 0 0
00000144_001.png 0 0 0 0 0 0 1 0 0 0 0 0 0 0
00000144_002.png 0 0 0 0 0 0 0 0 0 0 0 0 0 0
00000146_000.png 0 0 0 0 0 0 0 0 0 0 0 0 0 0
00000149_000.png 0 0 0 0 0 0 0 0 0 0 0 0 0 0
00000163_001.png 0 0 0 0 0 0 0 0 0 0 0 0 0 0
00000165_001.png 0 0 0 0 0 0 1 0 0 0 0 0 0 0
00000166_000.png 0 0 0 0 0 0 0 0 0 0 0 0 0 0
00000169_001.png 0 0 0 0 0 0 0 0 0 0 0 0 0 0
00000172_003.png 0 0 0 0 0 0 0 0 0 0 0 0 0 0
00000175_000.png 0 0 0 0 0 0 0 0 0 0 0 0 0 0
00000181_020.png 0 0 0 0 0 0 0 0 0 0 0 0 0 0
00000181_039.png 0 0 0 0 0 0 0 0 0 0 0 0 0 0
00000181_053.png 0 0 0 0 0 0 0 0 0 0 0 0 0 0
00000190_002.png 0 0 0 0 0 0 0 0 0 0 0 0 0 0
00000193_005.png 0 0 0 0 0 0 0 0 0 0 0 0 0 0
00000193_011.png 0 0 0 0 0 0 0 0 0 0 0 0 0 0
00000193_017.png 0 0 0 0 0 0 0 0 0 0 0 0 0 0
00000193_018.png 0 0 0 0 0 0 0 0 0 0 0 0 0 0
00000194_001.png 0 0 0 0 0 0 0 0 0 0 0 0 0 0
00000194_003.png 0 0 0 0 0 0 0 0 0 0 0 0 0 0
00000194_005.png 0 0 0 0 0 0 0 0 0 0 0 0 0 0
00000197_000.png 0 0 0 0 0 0 0 0 0 0 0 0 0 0
00000197_002.png 0 0 0 0 0 0 0 0 0 0 0 0 0 0
00000206_000.png 0 0 0 0 0 0 0 0 0 0 0 0 0 0
00000209_000.png 0 0 0 0 0 0 0 0 0 0 0 0 0 0
00000211_013.png 0 1 1 1 0 0 1 0 0 1 0 0 0 0
00000211_018.png 0 1 1 0 0 0 1 0 0 0 0 0 0 0
00000211_030.png 0 0 0 0 0 0 0 0 0 0 0 0 0 0
00000214_000.png 0 0 0 0 0 0 0 0 0 0 0 0 0 0
00000218_000.png 0 0 0 1 0 0 1 0 0 0 0 0 0 0
00000218_001.png 0 0 0 0 0 0 1 0 0 0 0 0 0 0
00000219_002.png 0 0 0 0 0 0 0 0 0 0 0 0 0 0
00000220_000.png 0 0 0 0 0 0 0 0 0 0 0 0 0 0
00000223_000.png 0 0 0 0 0 0 0 0 0 0 0 0 0 0
00000227_000.png 0 0 0 0 0 0 0 0 0 0 0 0 0 0
00000239_004.png 0 0 0 0 0 0 0 0 0 0 0 0 0 0
00000239_005.png 0 0 0 0 0 0 0 0 0 0 0 0 0 0
00000241_001.png 0 0 0 0 0 0 0 0 0 0 0 0 0 0
00000246_000.png 0 0 0 0 0 0 0 0 0 0 0 0 0 0
00000246_004.png 0 0 0 0 0 0 0 0 0 0 0 0 0 0
00000246_009.png 0 0 0 0 0 0 0 0 0 0 0 0 0 0
00000248_003.png 0 0 0 0 0 0 0 0 0 0 0 0 0 0
00000248_026.png 0 0 0 0 0 0 0 0 0 0 0 0 0 0
00000249_000.png 0 0 0 0 0 0 0 0 0 0 0 0 0 0
00000250_006.png 0 0 0 0 0 0 0 0 0 0 0 0 0 0
00000250_009.png 0 0 0 0 0 0 0 0 0 0 0 0 0 0
00000253_000.png 0 0 0 0 0 0 0 0 0 0 0 0 0 0
00000254_001.png 0 0 0 0 0 0 0 0 0 0 0 0 0 0
00000255_000.png 0 0 0 0 0 0 0 0 0 0 0 0 0 0
00000255_002.png 0 0 0 0 0 0 0 0 0 0 0 0 0 0
00000261_002.png 0 0 0 0 0 0 1 0 0 0 0 0 0 0
00000261_007.png 0 0 0 1 0 0 1 0 0 0 0 0 0 0
00000264_000.png 0 0 0 0 0 0 0 0 0 0 0 0 0 0
00000268_000.png 0 0 0 0 0 0 0 0 0 0 0 0 0 0
00000268_002.png 0 0 0 0 0 0 0 0 0 0 0 0 0 0
00000271_001.png 0 0 0 0 0 0 0 0 0 0 0 0 0 0
00000271_002.png 0 0 0 0 0 0 0 0 0 0 0 0 0 0
00000273_006.png 0 0 0 0 0 0 0 0 0 0 0 0 0 0
00000273_007.png 0 0 0 0 0 0 0 0 0 0 0 0 0 0
00000273_009.png 0 0 0 0 0 0 0 0 0 0 0 0 0 0
00000278_007.png 0 0 0 0 0 0 0 0 0 0 0 0 0 0
00000280_001.png 0 0 0 0 0 0 0 0 0 0 0 0 0 0
00000281_001.png 0 0 0 0 0 0 0 0 0 0 0 0 0 0
00000285_003.png 0 0 0 0 0 0 0 0 0 0 0 0 0 0
00000289_002.png 0 0 0 0 0 0 0 0 0 0 0 0 0 0
00000305_002.png 0 0 0 0 0 0 0 0 0 0 0 0 0 0
00000310_001.png 0 0 0 0 0 0 1 0 0 0 0 0 0 0
00000311_001.png 0 0 0 0 0 0 0 0 0 0 0 0 0 0
00000315_004.png 0 0 0 0 0 0 0 0 0 0 0 0 0 0
00000315_005.png 0 0 0 0 0 0 0 0 0 0 0 0 0 0
00000318_006.png 0 0 0 0 0 0 0 0 0 0 0 0 0 0
00000318_008.png 0 0 0 0 0 0 0 0 0 0 0 0 0 0
00000321_005.png 0 0 0 0 0 0 0 0 0 0 0 0 0 0
00000322_002.png 0 0 0 0 0 0 0 0 0 0 0 0 0 0
00000349_000.png 0 0 0 0 0 0 0 0 0 0 0 0 0 0
00000357_000.png 0 0 0 0 0 0 0 0 0 0 0 0 0 0
00000359_003.png 0 0 0 0 0 0 0 0 0 0 0 0 0 0
00000359_010.png 0 0 0 0 0 0 0 0 0 0 0 0 0 0
00000360_007.png 0 0 0 0 0 0 0 0 0 0 0 0 0 0
00000364_000.png 0 0 0 0 0 0 0 0 0 0 0 0 0 0
00000368_005.png 0 0 0 0 0 0 0 0 0 0 0 0 0 0
00000373_000.png 0 0 0 0 0 0 0 0 0 0 0 0 0 0
00000386_000.png 0 0 0 0 0 0 0 0 0 0 0 0 0 0
00000389_000.png 0 0 0 0 0 0 0 0 0 0 0 0 0 0
00000391_005.png 0 0 0 0 0 0 0 0 0 0 0 0 0 0
00000398_000.png 0 0 0 0 0 0 0 0 0 0 0 0 0 0
00000398_002.png 0 0 0 1 0 0 1 0 0 0 0 0 0 0
00000399_001.png 0 0 0 0 0 0 0 0 0 0 0 0 0 0
00000402_003.png 0 0 0 0 0 0 0 0 0 0 0 0 0 0
00000412_002.png 0 0 0 0 0 0 0 0 0 0 0 0 0 0
00000415_001.png 0 0 0 1 0 1 1 0 0 0 0 1 0 0
00000416_002.png 0 0 0 0 0 0 0 0 0 0 0 0 0 0
00000417_002.png 0 0 0 0 0 0 0 0 0 0 0 0 0 0
00000417_003.png 0 0 0 0 0 0 0 0 0 0 0 0 0 0
00000420_001.png 0 0 0 0 0 0 0 0 0 0 0 0 0 0
00000422_003.png 0 0 0 0 0 0 0 0 0 0 0 0 0 0
00000437_000.png 0 0 0 0 0 0 0 0 0 0 0 0 0 0
00000443_002.png 0 0 0 0 0 0 0 0 0 0 0 0 0 0
00000447_001.png 0 0 0 0 0 0 0 0 0 0 0 0 0 0
00000448_001.png 0 0 0 0 0 0 0 0 0 0 0 0 0 0
00000450_004.png 0 0 0 0 0 0 0 0 0 0 0 0 0 0
00000459_011.png 0 0 0 0 0 0 0 0 0 0 0 0 0 0
00000459_014.png 0 0 0 0 0 0 0 0 0 0 0 0 0 0
00000459_019.png 0 0 0 0 0 0 0 0 0 0 0 0 0 0
00000459_041.png 0 0 0 1 0 0 1 0 0 1 0 0 0 0
00000459_046.png 0 0 0 0 0 0 0 0 0 0 0 0 0 0
00000459_055.png 0 0 0 0 0 0 0 0 0 0 0 0 0 0
00000463_001.png 0 0 0 0 0 0 0 0 0 0 0 0 0 0
00000466_003.png 0 0 0 0 0 0 0 0 0 0 0 0 0 0
00000468_029.png 0 1 0 1 0 1 1 0 0 0 0 0 0 0
00000468_040.png 0 0 0 1 0 0 1 1 0 0 0 0 0 0
00000468_042.png 0 0 0 0 0 0 0 0 0 0 0 0 0 0
00000468_046.png 0 0 0 0 0 0 0 0 0 0 0 0 0 0
00000472_000.png 0 0 0 0 0 0 0 0 0 0 0 0 0 0
00000476_000.png 0 0 0 0 0 0 0 0 0 0 0 0 0 0
00000481_000.png 0 0 0 0 0 0 0 0 0 0 0 0 0 0
00000483_000.png 0 0 0 0 0 0 0 0 0 0 0 0 0 0
00000484_000.png 0 0 0 0 0 0 0 0 0 0 0 0 0 0
00000486_002.png 0 0 0 0 0 0 0 0 0 0 0 0 0 0
00000494_001.png 0 0 0 0 0 0 0 0 0 0 0 0 0 0
00000494_002.png 0 0 0 0 0 0 0 0 0 0 0 0 0 0
00000494_006.png 0 0 0 0 0 0 0 0 0 0 0 0 0 0
00000498_000.png 0 0 0 0 0 0 0 0 0 0 0 0 0 0
00000499_008.png 0 0 0 0 0 0 1 0 0 0 0 0 0 0
00000500_002.png 0 0 0 0 0 0 0 0 0 0 0 0 0 0
00000500_007.png 0 0 0 0 0 0 0 0 0 0 0 0 0 0
00000502_000.png 0 0 0 0 0 0 0 0 0 0 0 0 0 0
00000502_015.png 0 0 0 0 0 0 0 0 0 0 0 0 0 0
00000503_000.png 0 0 0 0 0 0 0 0 0 0 0 0 0 0
00000505_001.png 0 0 0 0 0 0 0 0 0 0 0 0 0 0
00000506_013.png 0 0 1 0 0 0 1 0 0 1 0 0 0 0
00000506_015.png 0 0 1 1 0 0 1 0 0 1 0 0 0 0
00000506_016.png 0 0 1 0 0 0 1 0 0 1 0 0 0 0
00000506_029.png 0 0 0 0 0 0 0 0 0 0 0 0 0 0
00000509_000.png 0 0 0 0 0 0 0 0 0 0 0 0 0 0
00000514_005.png 0 0 0 0 0 0 0 0 0 0 0 0 0 0
00000522_004.png 0 0 0 0 0 0 0 0 0 0 0 0 0 0
00000526_000.png 0 0 0 0 0 0 0 0 0 0 0 0 0 0
00000534_000.png 0 0 0 0 0 0 0 0 0 0 0 0 0 0
00000538_001.png 0 0 0 0 0 0 0 0 0 0 0 0 0 0
00000541_001.png 0 0 0 0 0 0 0 0 0 0 0 0 0 0
00000541_002.png 0 0 0 0 0 0 0 0 0 0 0 0 0 0
00000541_004.png 0 0 0 0 0 0 0 0 0 0 0 0 0 0
00000542_001.png 0 0 0 0 0 0 0 0 0 0 0 0 0 0
00000545_003.png 0 0 0 0 0 0 0 0 0 0 0 0 0 0
00000547_009.png 0 0 0 0 0 0 0 0 0 0 0 0 0 0
00000552_000.png 0 0 0 0 0 0 0 0 0 0 0 0 0 0
00000552_003.png 0 0 0 0 0 0 0 0 0 0 0 0 0 0
00000556_001.png 0 0 0 0 0 0 0 0 0 0 0 0 0 0
00000560_000.png 0 0 0 0 0 0 0 0 0 0 0 0 0 0
00000560_001.png 0 0 0 0 0 0 0 0 0 0 0 0 0 0
00000564_000.png 0 0 0 0 0 0 0 0 0 0 0 0 0 0
00000565_000.png 0 0 0 0 0 0 0 0 0 0 0 0 0 0
00000570_000.png 0 0 0 0 0 0 0 0 0 0 0 0 0 0
00000573_008.png 0 0 0 1 0 0 1 0 0 0 0 1 0 0
00000577_001.png 0 0 0 0 0 0 0 0 0 0 0 0 0 0
00000577_002.png 0 0 0 0 0 0 0 0 0 0 0 0 0 0
00000583_001.png 0 0 0 0 0 0 0 0 0 0 0 0 0 0
00000583_020.png 0 0 0 0 0 0 0 0 0 0 0 0 0 0
00000583_034.png 1 0 0 1 0 0 1 0 0 0 0 0 0 0
00000583_045.png 0 0 0 0 0 0 1 0 0 0 0 0 0 0
00000583_060.png 0 0 0 0 0 0 0 0 0 0 0 0 0 0
00000587_000.png 0 0 0 0 0 0 0 0 0 0 0 0 0 0
00000588_000.png 0 0 0 0 0 0 0 0 0 0 0 0 0 0
00000588_005.png 0 0 0 0 0 0 0 0 0 0 0 0 0 0
00000591_000.png 0 0 0 0 0 0 0 0 0 0 0 0 0 0
00000591_004.png 0 0 1 1 0 0 1 0 0 0 0 0 1 0
00000613_004.png 0 0 0 0 0 0 0 0 0 0 0 0 0 0
00000623_003.png 0 0 0 0 0 0 0 0 0 0 0 0 0 0
00000623_005.png 0 0 0 0 0 0 0 0 0 0 0 0 0 0
00000627_006.png 0 0 0 0 0 0 0 0 0 0 0 0 0 0
00000627_007.png 0 0 0 0 0 0 0 0 0 0 0 0 0 0
00000627_008.png 0 0 0 0 0 0 0 0 0 0 0 0 0 0
00000632_002.png 0 0 0 0 0 0 0 0 0 0 0 0 0 0
00000632_010.png 0 0 0 0 0 0 0 0 0 0 0 0 0 0
00000633_000.png 0 0 0 0 0 0 0 0 0 0 0 0 0 0
00000634_005.png 0 0 0 0 0 0 0 0 0 0 0 0 0 0
00000644_000.png 0 0 0 0 0 0 0 0 0 0 0 0 0 0
00000646_004.png 0 0 0 0 0 0 0 0 0 0 0 0 0 0
00000652_002.png 0 0 0 0 0 0 0 0 0 0 0 0 0 0
00000652_014.png 0 0 0 0 0 0 0 0 0 0 0 0 0 0
00000652_023.png 0 0 0 0 0 0 0 0 0 0 0 0 0 0
00000654_001.png 0 0 0 0 0 0 0 0 0 0 0 0 0 0
00000662_003.png 0 0 0 0 0 0 0 0 0 0 0 0 0 0
00000662_005.png 0 0 0 0 0 0 0 0 0 0 0 0 0 0
00000663_000.png 0 0 0 0 0 0 0 0 0 0 0 0 0 0
00000667_000.png 0 0 0 0 0 0 0 0 0 0 0 0 0 0
00000669_000.png 0 0 0 0 0 0 0 0 0 0 0 0 0 0
00000675_000.png 0 0 0 0 0 0 0 0 0 0 0 0 0 0
00000676_001.png 0 0 0 0 0 0 0 0 0 0 0 0 0 0
00000682_003.png 0 0 0 0 0 0 0 0 0 0 0 0 0 0
00000683_001.png 0 0 0 0 0 0 0 0 0 0 0 0 0 0
00000683_003.png 0 0 0 0 0 0 0 0 0 0 0 0 0 0
00000685_000.png 0 0 0 0 0 0 0 0 0 0 0 0 0 0
00000687_000.png 0 0 0 0 0 0 0 0 0 0 0 0 0 0
00000688_002.png 1 0 0 0 0 0 1 0 0 0 0 0 0 0
00000697_004.png 0 0 0 0 0 0 0 0 0 0 0 0 0 0
00000699_001.png 0 0 0 0 0 0 0 0 0 0 0 0 0 0
00000709_007.png 0 0 0 0 0 0 0 0 0 0 0 0 0 0
00000710_003.png 0 0 0 0 0 0 1 0 0 0 0 1 0 0
00000711_001.png 0 0 0 0 0 0 0 0 0 0 0 0 0 0
00000715_001.png 0 0 0 0 0 0 0 0 0 0 0 0 0 0
00000718_001.png 0 0 0 0 0 0 0 0 0 0 0 0 0 0
00000721_001.png 0 0 0 0 0 0 0 0 0 0 0 0 0 0
00000723_000.png 0 0 0 0 0 0 0 0 0 0 0 0 0 0
00000731_007.png 0 0 0 0 0 0 0 0 0 0 0 0 0 0
00000731_008.png 0 0 0 0 0 0 0 0 0 0 0 0 0 0
00000740_001.png 0 0 0 0 0 0 0 0 0 0 0 0 0 0
00000741_001.png 0 0 0 0 0 0 0 0 0 0 0 0 0 0
00000741_002.png 0 0 0 0 0 0 0 0 0 0 0 0 0 0
00000741_003.png 0 0 0 0 0 0 0 0 0 0 0 0 0 0
00000741_008.png 0 0 0 0 0 0 0 0 0 0 0 0 0 0
00000743_001.png 0 0 0 0 0 0 0 0 0 0 0 0 0 0
00000743_002.png 0 0 0 0 0 0 0 0 0 0 0 0 0 0
00000744_013.png 0 0 0 0 0 0 0 0 0 0 0 0 0 0
00000745_002.png 0 0 0 0 0 0 0 0 0 0 0 0 0 0
00000754_001.png 0 0 0 0 0 0 0 0 0 0 0 0 0 0
00000754_006.png 0 0 0 0 0 0 0 0 0 0 0 0 0 0
00000756_000.png 0 0 0 0 0 0 0 0 0 0 0 0 0 0
00000761_003.png 0 0 0 0 0 0 0 0 0 0 0 0 0 0
00000761_005.png 0 0 0 0 0 0 0 0 0 0 0 0 0 0
00000761_008.png 0 0 0 0 0 0 0 0 0 0 0 0 0 0
00000761_009.png 0 0 0 0 0 0 0 0 0 0 0 0 0 0
00000764_003.png 0 0 0 0 0 0 0 0 0 0 0 0 0 0
00000766_005.png 0 0 0 0 0 0 1 0 0 0 0 0 1 0
00000766_006.png 0 0 1 0 0 1 1 0 0 1 0 0 0 0
00000766_007.png 0 0 1 0 0 1 1 0 0 1 0 0 0 0
00000766_010.png 0 0 1 0 0 0 1 0 0 0 0 0 0 0
00000766_017.png 0 0 1 0 0 0 1 0 0 1 0 0 0 0
00000766_018.png 0 0 1 0 0 0 1 0 0 1 0 0 0 0
00000766_026.png 0 0 0 0 0 0 0 0 0 0 0 0 0 0
00000767_000.png 0 0 0 0 0 0 0 0 0 0 0 0 0 0
00000768_000.png 0 0 0 0 0 0 0 0 0 0 0 0 0 0
00000772_002.png 0 0 0 0 0 1 1 0 0 0 0 0 0 0
00000772_006.png 0 0 0 0 0 0 0 0 0 0 0 0 0 0
00000772_008.png 0 0 0 0 0 0 0 0 0 0 0 0 0 0
00000773_001.png 1 0 0 0 0 0 1 0 0 0 0 0 0 0
00000776_000.png 0 0 0 0 0 0 0 0 0 0 0 0 0 0
00000781_000.png 0 0 0 0 0 0 0 0 0 0 0 0 0 0
00000781_006.png 0 0 0 0 0 0 0 0 0 0 0 0 0 0
00000782_003.png 0 0 0 0 0 0 0 0 0 0 0 0 0 0
00000785_002.png 0 0 0 0 0 0 0 0 0 0 0 0 0 0
00000787_001.png 0 0 0 0 0 0 0 0 0 0 0 0 0 0
00000790_002.png 0 0 0 0 0 0 0 0 0 0 0 0 0 0
00000792_001.png 0 0 0 0 0 0 0 0 0 0 0 0 0 0
00000797_000.png 0 0 0 0 0 0 0 0 0 0 0 0 0 0
00000798_000.png 0 0 0 0 0 0 0 0 0 0 0 0 0 0
00000798_020.png 0 0 0 0 0 0 0 0 0 0 0 0 0 0
00000798_023.png 0 0 0 0 0 0 0 0 0 0 0 0 0 0
00000798_025.png 0 0 0 0 0 0 1 0 0 0 0 0 0 0
00000798_039.png 0 0 1 1 0 0 1 0 0 0 0 0 0 0
00000802_000.png 0 0 0 0 0 0 0 0 0 0 0 0 0 0
00000805_002.png 0 0 0 0 0 0 0 0 0 0 0 0 0 0
00000808_007.png 0 0 0 0 0 0 0 0 0 0 0 0 0 0
00000808_011.png 0 0 0 0 0 0 0 0 0 0 0 0 0 0
00000808_013.png 0 0 0 0 0 0 0 0 0 0 0 0 0 0
00000809_001.png 0 0 0 0 0 0 0 0 0 0 0 0 0 0
00000819_000.png 0 0 0 0 0 0 0 0 0 0 0 0 0 0
00000820_017.png 0 0 0 0 0 0 0 0 0 0 0 0 0 0
00000823_004.png 0 0 0 0 0 0 0 0 0 0 0 0 0 0
00000824_001.png 0 0 0 0 0 0 0 0 0 0 0 0 0 0
00000829_000.png 0 0 0 0 0 0 0 0 0 0 0 0 0 0
00000831_001.png 1 0 0 1 0 0 1 0 0 0 1 0 0 0
00000831_005.png 0 0 0 0 0 0 0 0 0 0 0 0 0 0
00000831_008.png 0 0 0 0 0 0 0 0 0 0 0 0 0 0
00000832_006.png 0 0 0 0 0 0 0 0 0 0 0 0 0 0
00000833_000.png 0 0 0 0 0 0 0 0 0 0 0 0 0 0
00000841_000.png 0 0 0 0 0 0 0 0 0 0 0 0 0 0
00000850_000.png 0 0 0 0 0 0 0 0 0 0 0 0 0 0
00000857_000.png 0 0 0 0 0 0 0 0 0 0 0 0 0 0
00000857_001.png 0 0 0 0 0 0 0 0 0 0 0 0 0 0
00000857_007.png 0 0 0 0 0 0 0 0 0 0 0 0 0 0
00000861_000.png 0 0 0 0 0 0 0 0 0 0 0 0 0 0
00000869_009.png 0 0 0 0 0 0 0 0 0 0 0 0 0 0
00000870_007.png 0 0 0 0 0 0 0 0 0 0 0 0 0 0
00000870_010.png 0 0 0 0 0 0 0 0 0 0 0 0 0 0
00000877_015.png 0 0 0 0 0 0 0 0 0 0 0 0 0 0
00000877_017.png 0 0 0 0 0 0 0 0 0 0 0 0 0 0
00000877_030.png 0 0 1 1 0 0 1 0 0 1 0 0 0 0
00000880_000.png 0 0 0 0 0 0 0 0 0 0 0 0 0 0
00000890_000.png 0 0 0 0 0 0 0 0 0 0 0 0 0 0
00000893_000.png 0 0 0 0 0 0 1 0 0 0 0 0 0 0
00000894_002.png 0 0 0 0 0 0 0 0 0 0 0 0 0 0
00000898_000.png 0 0 0 0 0 0 0 0 0 0 0 0 0 0
00000901_000.png 0 0 0 0 0 0 0 0 0 0 0 0 0 0
00000910_001.png 1 0 0 0 0 0 1 0 0 0 0 0 0 0
00000911_002.png 0 0 0 0 0 0 0 0 0 0 0 0 0 0
00000914_000.png 0 0 0 0 0 0 0 0 0 0 0 0 0 0
00000914_004.png 0 0 0 0 0 0 0 0 0 0 0 0 0 0
00000915_005.png 0 0 0 1 0 0 1 0 0 0 0 0 0 0
00000916_000.png 0 0 0 0 0 0 0 0 0 0 0 0 0 0
00000922_000.png 0 0 0 0 0 0 0 0 0 0 0 0 0 0
00000939_000.png 0 0 0 0 0 0 0 0 0 0 0 0 0 0
00000940_000.png 0 0 0 0 0 0 0 0 0 0 0 0 0 0
00000944_000.png 0 0 0 0 0 0 0 0 0 0 0 0 0 0
00000944_001.png 0 0 0 0 0 0 0 0 0 0 0 0 0 0
00000954_007.png 0 0 0 0 0 0 0 0 0 0 0 0 0 0
00000960_000.png 0 0 0 0 0 0 0 0 0 0 0 0 0 0
00000963_003.png 0 0 0 0 0 0 0 0 0 0 0 0 0 0
00000963_007.png 0 0 0 0 0 0 1 0 0 0 0 0 0 0
00000963_021.png 0 0 0 0 0 0 0 0 0 0 0 0 0 0
00000973_001.png 0 0 0 0 0 0 0 0 0 0 0 0 0 0
00000974_000.png 0 0 0 0 0 0 0 0 0 0 0 0 0 0
00000974_004.png 0 0 0 0 0 0 0 0 0 0 0 0 0 0
00000974_007.png 0 0 0 0 0 0 0 0 0 0 0 0 0 0
00000976_004.png 0 0 0 0 0 0 0 0 0 0 0 0 0 0
00000980_000.png 0 0 0 0 0 0 0 0 0 0 0 0 0 0
00000990_000.png 0 0 0 0 0 0 0 0 0 0 0 0 0 0
00000992_001.png 0 0 0 0 0 0 0 0 0 0 0 0 0 0
00000997_002.png 0 0 0 0 0 0 0 0 0 0 0 0 0 0
00001000_001.png 0 0 0 0 0 0 0 0 0 0 0 0 0 0
00001003_000.png 0 0 0 0 0 0 0 0 0 0 0 0 0 0
00001004_002.png 0 0 0 0 0 0 0 0 0 0 0 0 0 0
00001006_005.png 0 0 0 0 0 0 0 0 0 0 0 0 0 0
00001006_026.png 0 0 0 0 0 0 0 0 0 0 0 0 0 0
00001010_000.png 0 0 0 0 0 0 0 0 0 0 0 0 0 0
00001018_005.png 0 0 0 0 0 0 1 0 0 0 0 0 0 0
00001019_005.png 0 0 0 0 0 0 0 0 0 0 0 0 0 0
00001021_000.png 0 0 0 0 0 0 1 0 0 0 0 0 0 0
00001025_000.png 0 0 0 0 0 0 0 0 0 0 0 0 0 0
00001029_001.png 0 0 0 0 0 0 0 0 0 0 0 0 0 0
00001036_000.png 0 0 0 0 0 0 0 0 0 0 0 0 0 0
00001039_000.png 0 0 0 0 0 0 0 0 0 0 0 0 0 0
00001039_006.png 0 0 0 0 0 0 0 0 0 0 0 0 0 0
00001043_001.png 0 0 0 0 0 0 0 0 0 0 0 0 0 0
00001043_002.png 0 0 0 0 0 0 0 0 0 0 0 0 0 0
00001047_000.png 0 0 0 0 0 0 0 0 0 0 0 0 0 0
00001047_001.png 0 0 0 0 0 0 0 0 0 0 0 0 0 0
00001052_000.png 0 0 0 0 0 0 0 0 0 0 0 0 0 0
00001052_004.png 0 0 0 0 0 0 0 0 0 0 0 0 0 0
00001054_002.png 1 0 0 0 0 0 1 0 0 0 0 0 0 0
00001055_003.png 0 0 0 0 0 0 0 0 0 0 0 0 0 0
00001057_000.png 0 0 0 0 0 0 0 0 0 0 0 0 0 0
00001059_006.png 0 0 0 0 0 0 0 0 0 0 0 0 0 0
00001059_007.png 0 0 0 0 0 0 0 0 0 0 0 0 0 0
00001070_000.png 0 0 0 0 0 0 0 0 0 0 0 0 0 0
00001071_000.png 0 0 0 0 0 0 0 0 0 0 0 0 0 0
00001072_003.png 0 0 0 0 0 0 0 0 0 0 0 0 0 0
00001074_000.png 0 0 0 0 0 0 0 0 0 0 0 0 0 0
00001074_002.png 0 0 0 0 0 0 0 0 0 0 0 0 0 0
00001075_006.png 0 0 0 0 0 0 0 0 0 0 0 0 0 0
00001075_019.png 0 0 0 0 0 0 0 0 0 0 0 0 0 0
00001075_027.png 0 0 0 0 0 0 0 0 0 0 0 0 0 0
00001075_034.png 0 0 0 0 0 0 0 0 0 0 0 0 0 0
00001075_040.png 0 0 0 0 0 0 0 0 0 0 0 0 0 0
00001077_000.png 0 0 0 0 0 0 0 0 0 0 0 0 0 0
00001082_000.png 0 0 0 0 0 0 0 0 0 0 0 0 0 0
00001088_001.png 0 0 0 0 0 0 0 0 0 0 0 0 0 0
00001088_013.png 0 0 0 0 0 0 0 0 0 0 0 0 0 0
00001088_020.png 0 0 0 0 0 0 0 0 0 0 0 0 0 0
00001089_001.png 0 0 0 0 0 0 0 0 0 0 0 0 0 0
00001093_008.png 0 0 0 0 0 0 0 0 0 0 0 0 0 0
00001094_000.png 0 0 0 0 0 0 0 0 0 0 0 0 0 0
00001094_001.png 0 0 0 0 0 0 0 0 0 0 0 0 0 0
00001098_000.png 0 0 0 0 0 0 0 0 0 0 0 0 0 0
00001100_002.png 0 0 0 0 0 0 0 0 0 0 0 0 0 0
00001101_006.png 0 0 0 0 0 0 0 0 0 0 0 0 0 0
00001101_010.png 0 0 0 0 0 0 0 0 0 0 0 0 0 0
00001101_013.png 0 0 0 0 0 0 0 0 0 0 0 0 0 0
00001101_019.png 0 0 0 0 0 0 0 0 0 0 0 0 0 0
00001104_001.png 0 0 0 0 0 0 0 0 0 0 0 0 0 0
00001104_004.png 0 0 0 0 0 0 0 0 0 0 0 0 0 0
00001104_012.png 0 0 0 0 0 0 0 0 0 0 0 0 0 0
00001107_000.png 0 0 0 0 0 0 0 0 0 0 0 0 0 0
00001107_010.png 0 0 0 0 0 0 0 0 0 0 0 0 0 0
00001108_000.png 0 0 0 0 0 0 0 0 0 0 0 0 0 0
00001108_004.png 1 0 0 0 0 0 1 0 0 0 0 0 0 0
00001110_001.png 0 0 0 0 0 0 0 0 0 0 0 0 0 0
00001111_000.png 0 0 0 0 0 0 0 0 0 0 0 0 0 0
00001112_000.png 0 0 0 0 0 0 0 0 0 0 0 0 0 0
00001120_002.png 0 0 0 0 0 0 0 0 0 0 0 0 0 0
00001122_001.png 0 0 0 0 0 0 0 0 0 0 0 0 0 0
00001122_002.png 0 0 0 0 0 0 0 0 0 0 0 0 0 0
00001122_020.png 0 0 0 0 0 0 0 0 0 0 0 0 0 0
00001127_000.png 0 0 0 0 0 0 0 0 0 0 0 0 0 0
00001128_001.png 0 0 0 0 0 0 0 0 0 0 0 0 0 0
00001129_001.png 0 0 0 0 0 0 0 0 0 0 0 0 0 0
00001129_002.png 0 0 0 0 0 0 0 0 0 0 0 0 0 0
00001136_001.png 0 0 0 0 0 0 0 0 0 0 0 0 0 0
00001141_000.png 0 0 0 0 0 0 0 0 0 0 0 0 0 0
00001143_003.png 0 0 0 0 0 0 0 0 0 0 0 0 0 0
00001147_001.png 0 0 0 0 0 0 0 0 0 0 0 0 0 0
00001147_002.png 0 0 0 0 0 0 0 0 0 0 0 0 0 0
00001148_003.png 0 0 0 0 0 0 0 0 0 0 0 0 0 0
00001149_001.png 0 0 0 0 0 0 0 0 0 0 0 0 0 0
00001151_008.png 0 0 0 0 0 0 0 0 0 0 0 0 0 0
00001153_001.png 0 0 0 0 0 0 0 0 0 0 0 0 0 0
00001153_003.png 0 0 0 0 0 0 0 0 0 0 0 0 0 0
00001157_003.png 0 0 0 0 0 0 0 0 0 0 0 0 0 0
00001158_003.png 0 0 0 0 0 0 0 0 0 0 0 0 0 0
00001162_000.png 0 0 0 0 0 0 1 0 0 0 0 0 0 0
00001165_001.png 0 0 0 0 0 0 0 0 0 0 0 0 0 0
00001166_001.png 0 0 0 0 0 0 0 0 0 0 0 0 0 0
00001168_000.png 0 0 0 0 0 0 0 0 0 0 0 0 0 0
00001170_050.png 0 0 0 0 0 0 0 0 0 0 0 0 0 0
00001172_000.png 0 0 0 0 0 0 0 0 0 0 0 0 0 0
00001174_000.png 0 0 0 0 0 0 0 0 0 0 0 0 0 0
00001176_000.png 0 0 0 0 0 0 0 0 0 0 0 0 0 0
00001178_000.png 0 0 0 0 0 0 0 0 0 0 0 0 0 0
00001179_000.png 0 0 0 0 0 0 0 0 0 0 0 0 0 0
00001182_004.png 0 0 0 0 0 0 1 0 0 0 0 0 0 0
00001184_000.png 0 0 0 0 0 0 0 0 0 0 0 0 0 0
00001187_006.png 0 0 0 0 0 0 0 0 0 0 0 0 0 0
00001190_001.png 0 0 0 0 0 0 0 0 0 0 0 0 0 0
00001191_000.png 0 0 0 0 0 0 0 0 0 0 0 0 0 0
00001194_004.png 0 0 0 0 0 0 0 0 0 0 0 0 0 0
00001199_000.png 0 0 0 0 0 0 0 0 0 0 0 0 0 0
00001200_000.png 1 0 0 0 0 0 1 0 0 0 0 0 0 0
00001202_005.png 0 0 0 0 0 0 0 0 0 0 0 0 0 0
00001203_002.png 0 0 0 0 0 0 0 0 0 0 0 0 0 0
00001203_015.png 0 0 0 0 0 0 0 0 0 0 0 0 0 0
00001208_000.png 0 0 0 0 0 0 0 0 0 0 0 0 0 0
00001211_000.png 0 0 0 0 0 0 0 0 0 0 0 0 0 0
00001212_000.png 0 0 0 0 0 0 0 0 0 0 0 0 0 0
00001213_003.png 0 0 0 0 0 0 0 0 0 0 0 0 0 0
00001215_000.png 0 0 0 0 0 0 0 0 0 0 0 0 0 0
00001222_004.png 0 0 0 0 0 0 0 0 0 0 0 0 0 0
00001224_000.png 0 0 0 0 0 0 0 0 0 0 0 0 0 0
00001228_000.png 0 0 0 0 0 0 0 0 0 0 0 0 0 0
00001228_001.png 0 0 0 0 0 0 0 0 0 0 0 0 0 0
00001230_004.png 0 0 0 0 0 0 0 0 0 0 0 0 0 0
00001230_006.png 0 0 0 0 0 0 0 0 0 0 0 0 0 0
00001230_008.png 0 0 0 0 0 0 0 0 0 0 0 0 0 0
00001232_005.png 0 0 0 0 0 0 0 0 0 0 0 0 0 0
00001235_001.png 0 0 1 0 0 0 1 0 0 0 0 1 0 0
00001241_000.png 0 0 0 0 0 0 0 0 0 0 0 0 0 0
00001243_001.png 0 0 0 0 0 0 0 0 0 0 0 0 0 0
00001247_003.png 0 0 0 0 0 0 0 0 0 0 0 0 0 0
00001247_011.png 0 0 0 0 0 0 1 0 0 0 0 0 0 0
00001247_015.png 0 0 0 0 0 0 0 0 0 0 0 0 0 0
00001248_003.png 0 0 1 0 0 0 1 0 1 0 0 0 0 0
00001248_008.png 0 0 0 0 0 0 0 0 0 0 0 0 0 0
00001250_001.png 1 0 0 0 0 0 1 0 0 0 0 0 0 0
00001250_006.png 0 0 0 1 0 0 1 0 0 0 0 0 0 0
00001250_008.png 0 0 0 0 0 0 0 0 0 0 0 0 0 0
00001255_029.png 0 0 0 0 0 0 0 0 0 0 0 0 0 0
00001255_030.png 0 0 0 0 0 0 0 0 0 0 0 0 0 0
00001255_031.png 0 0 0 1 0 0 1 0 0 0 0 0 0 0
00001261_000.png 0 0 0 0 0 0 0 0 0 0 0 0 0 0
00001265_000.png 0 0 0 0 0 0 0 0 0 0 0 0 0 0
00001266_000.png 0 0 0 0 0 0 0 0 0 0 0 0 0 0
00001267_000.png 0 0 0 0 0 0 0 0 0 0 0 0 0 0
00001268_001.png 0 0 0 0 0 0 0 0 0 0 0 0 0 0
00001269_000.png 0 0 0 0 0 0 0 0 0 0 0 0 0 0
00001270_000.png 0 0 0 0 0 0 0 0 0 0 0 0 0 0
00001270_003.png 0 0 0 0 0 0 0 0 0 0 0 0 0 0
00001272_000.png 0 0 0 0 0 0 0 0 0 0 0 0 0 0
00001274_001.png 0 0 0 0 0 0 0 0 0 0 0 0 0 0
00001277_001.png 0 0 0 0 0 0 0 0 0 0 0 0 0 0
00001278_017.png 0 0 0 0 0 0 0 0 0 0 0 0 0 0
00001283_000.png 0 0 0 0 0 0 0 0 0 0 0 0 0 0
00001285_001.png 0 0 0 1 0 0 1 0 0 1 0 0 0 0
00001285_002.png 0 0 0 1 0 0 1 0 0 1 0 0 0 0
00001296_000.png 0 0 0 0 0 0 0 0 0 0 0 0 0 0
00001301_018.png 0 0 0 0 0 0 0 0 0 0 0 0 0 0
00001301_019.png 0 0 0 0 0 0 0 0 0 0 0 0 0 0
00001301_039.png 0 0 1 0 0 0 1 0 0 1 0 0 0 0
00001304_003.png 0 0 0 0 0 0 0 0 0 0 0 0 0 0
00001304_007.png 0 0 0 0 0 0 0 0 0 0 0 0 0 0
00001305_000.png 0 0 0 0 0 0 0 0 0 0 0 0 0 0
00001308_001.png 0 0 0 0 0 0 0 0 0 0 0 0 0 0
00001308_002.png 0 0 0 0 0 0 0 0 0 0 0 0 0 0
00001315_005.png 0 0 0 0 0 0 0 0 0 0 0 0 0 0
00001317_000.png 0 0 0 1 0 0 1 0 0 0 0 0 0 0
00001317_002.png 0 0 0 0 0 0 1 0 0 0 0 0 0 0
00001322_000.png 0 0 0 0 0 0 0 0 0 0 0 0 0 0
00001326_004.png 0 0 0 0 0 0 0 0 0 0 0 0 0 0
00001326_005.png 0 0 0 0 0 0 0 0 0 0 0 0 0 0
00001327_000.png 0 0 0 0 0 0 0 0 0 0 0 0 0 0
00001327_001.png 0 0 0 0 0 0 0 0 0 0 0 0 0 0
00001329_000.png 0 0 0 0 0 0 0 0 0 0 0 0 0 0
00001334_000.png 0 0 0 0 0 0 0 0 0 0 0 0 0 0
00001334_002.png 0 0 0 0 0 0 0 0 0 0 0 0 0 0
00001335_003.png 0 0 0 0 0 0 0 0 0 0 0 0 0 0
00001335_004.png 0 0 0 0 0 0 0 0 0 0 0 0 0 0
00001346_000.png 0 0 0 0 0 0 0 0 0 0 0 0 0 0
00001351_000.png 0 0 0 0 0 0 0 0 0 0 0 0 0 0
00001355_009.png 0 0 0 0 0 0 0 0 0 0 0 0 0 0
00001355_010.png 0 0 0 0 0 0 0 0 0 0 0 0 0 0
00001355_011.png 0 0 0 0 0 0 0 0 0 0 0 0 0 0
00001359_000.png 0 0 0 0 0 0 0 0 0 0 0 0 0 0
00001361_000.png 0 0 0 0 0 0 0 0 0 0 0 0 0 0
00001362_008.png 0 0 0 0 0 0 0 0 0 0 0 0 0 0
00001362_011.png 0 0 0 0 0 0 0 0 0 0 0 0 0 0
00001362_012.png 0 0 0 0 0 0 0 0 0 0 0 0 0 0
00001362_017.png 0 0 0 0 0 0 0 0 0 0 0 0 0 0
00001364_003.png 0 0 0 0 0 0 0 0 0 0 0 0 0 0
00001367_000.png 0 0 0 0 0 0 0 0 0 0 0 0 0 0
00001367_002.png 0 0 0 0 0 0 0 0 0 0 0 0 0 0
00001367_005.png 0 0 0 0 0 0 0 0 0 0 0 0 0 0
00001367_009.png 0 0 0 0 0 0 0 0 0 0 0 0 0 0
00001371_001.png 0 0 0 0 0 0 0 0 0 0 0 0 0 0
00001373_007.png 0 0 0 0 0 0 0 0 0 0 0 0 0 0
00001373_010.png 0 1 1 0 0 0 1 0 0 0 0 0 0 0
00001373_019.png 0 0 0 0 0 0 0 0 0 0 0 0 0 0
00001378_002.png 0 0 0 0 0 0 0 0 0 0 0 0 0 0
00001381_008.png 0 0 0 0 0 0 0 0 0 0 0 0 0 0
00001383_000.png 0 0 0 0 0 0 1 0 0 0 1 0 0 0
00001385_003.png 0 0 0 0 0 0 0 0 0 0 0 0 0 0
00001385_008.png 0 0 0 0 0 0 0 0 0 0 0 0 0 0
00001385_014.png 0 0 0 0 0 0 0 0 0 0 0 0 0 0
00001385_015.png 0 0 0 0 0 0 0 0 0 0 0 0 0 0
00001389_000.png 0 0 0 0 0 0 0 0 0 0 0 0 0 0
00001389_001.png 0 0 0 0 0 0 0 0 0 0 0 0 0 0
00001397_010.png 0 0 0 0 0 0 0 0 0 0 0 0 0 0
00001398_002.png 0 0 0 0 0 0 0 0 0 0 0 0 0 0
00001398_003.png 0 0 0 0 0 0 0 0 0 0 0 0 0 0
00001399_000.png 0 0 0 0 0 0 0 0 0 0 0 0 0 0
00001403_002.png 0 0 0 0 0 0 0 0 0 0 0 0 0 0
00001409_001.png 0 0 0 0 0 0 0 0 0 0 0 0 0 0
00001409_003.png 0 0 0 0 0 0 0 0 0 0 0 0 0 0
00001409_007.png 0 0 0 0 0 0 0 0 0 0 0 0 0 0
00001415_001.png 0 0 0 0 0 0 0 0 0 0 0 0 0 0
00001418_000.png 0 0 0 0 0 0 0 0 0 0 0 0 0 0
00001419_000.png 0 0 0 0 0 0 0 0 0 0 0 0 0 0
00001423_000.png 0 0 0 0 0 0 0 0 0 0 0 0 0 0
00001426_001.png 0 0 0 0 0 0 0 0 0 0 0 0 0 0
00001427_000.png 0 0 0 0 0 0 0 0 0 0 0 0 0 0
00001435_000.png 0 0 0 0 0 0 0 0 0 0 0 0 0 0
00001437_007.png 0 0 0 0 0 0 0 0 0 0 0 0 0 0
00001437_008.png 0 0 0 0 0 0 0 0 0 0 0 0 0 0
00001437_011.png 0 0 0 0 0 0 0 0 0 0 0 0 0 0
00001437_016.png 0 0 0 0 0 0 0 0 0 0 0 0 0 0
00001437_019.png 0 0 0 0 0 0 1 0 0 0 0 0 0 0
00001437_024.png 0 0 1 1 0 0 1 0 1 0 0 0 0 0
00001437_030.png 0 0 0 0 0 0 0 0 0 0 0 0 0 0
00001445_001.png 0 0 0 0 0 0 0 0 0 0 0 0 0 0
00001447_000.png 0 0 0 0 0 0 0 0 0 0 0 0 0 0
00001449_000.png 0 0 0 0 0 0 0 0 0 0 0 0 0 0
00001449_001.png 0 0 0 0 0 0 0 0 0 0 0 0 0 0
00001452_005.png 0 0 0 0 0 0 0 0 0 0 0 0 0 0
00001454_000.png 0 0 0 0 0 0 0 0 0 0 0 0 0 0
00001455_000.png 0 0 0 0 0 0 1 0 0 0 0 0 1 0
00001458_004.png 0 0 0 0 0 0 0 0 0 0 0 0 0 0
00001458_005.png 0 0 0 0 0 0 0 0 0 0 0 0 0 0
00001460_004.png 0 0 0 0 0 0 0 0 0 0 0 0 0 0
00001464_003.png 0 0 0 0 0 0 0 0 0 0 0 0 0 0
00001466_000.png 0 0 0 0 0 0 0 0 0 0 0 0 0 0
00001468_000.png 0 0 0 0 0 0 0 0 0 0 0 0 0 0
00001470_002.png 0 0 0 0 0 0 0 0 0 0 0 0 0 0
00001470_003.png 0 0 0 0 0 0 0 0 0 0 0 0 0 0
00001471_001.png 0 0 0 0 0 0 0 0 0 0 0 0 0 0
00001471_004.png 0 0 0 0 0 0 0 0 0 0 0 0 0 0
00001478_000.png 0 0 0 0 0 0 0 0 0 0 0 0 0 0
00001486_000.png 0 0 0 0 0 0 0 0 0 0 0 0 0 0
00001487_000.png 0 0 0 0 0 0 0 0 0 0 0 0 0 0
00001489_000.png 0 0 0 0 0 0 0 0 0 0 0 0 0 0
00001495_000.png 0 0 0 0 0 0 0 0 0 0 0 0 0 0
00001498_001.png 0 0 0 0 0 0 0 0 0 0 0 0 0 0
00001501_008.png 0 0 0 0 0 0 0 0 0 0 0 0 0 0
00001504_004.png 0 0 0 0 0 0 0 0 0 0 0 0 0 0
00001504_008.png 0 0 0 0 0 0 0 0 0 0 0 0 0 0
00001504_011.png 0 0 0 0 0 0 1 0 0 1 0 0 1 0
00001511_000.png 1 0 0 0 0 0 1 0 0 0 0 0 0 0
00001513_000.png 0 0 0 0 0 0 0 0 0 0 0 0 0 0
00001529_002.png 0 0 0 0 0 0 1 0 0 0 0 0 0 0
00001529_004.png 0 0 0 1 0 0 1 0 1 0 0 0 0 0
00001529_005.png 0 0 0 0 0 0 1 0 0 0 0 0 0 0
00001536_000.png 0 0 0 0 0 0 0 0 0 0 0 0 0 0
00001538_000.png 0 0 0 0 0 0 0 0 0 0 0 0 0 0
00001540_000.png 0 0 0 0 0 0 0 0 0 0 0 0 0 0
00001543_007.png 0 0 0 0 0 0 0 0 0 0 0 0 0 0
00001547_002.png 0 0 0 0 0 0 0 0 0 0 0 0 0 0
00001549_000.png 0 0 0 0 0 0 0 0 0 0 0 0 0 0
00001549_004.png 0 0 0 0 0 0 0 0 0 0 0 0 0 0
00001549_008.png 0 0 0 0 0 0 0 0 0 0 0 0 0 0
00001550_000.png 0 0 0 0 0 0 0 0 0 0 0 0 0 0
00001553_000.png 0 0 0 0 0 0 0 0 0 0 0 0 0 0
00001555_006.png 0 0 0 0 0 0 0 0 0 0 0 0 0 0
00001555_007.png 0 0 0 0 0 0 0 0 0 0 0 0 0 0
00001556_000.png 0 0 0 0 0 0 0 0 0 0 0 0 0 0
00001558_013.png 0 0 0 0 0 0 0 0 0 0 0 0 0 0
00001558_016.png 0 0 0 0 0 0 0 0 0 0 0 0 0 0
00001558_039.png 0 0 0 0 0 0 0 0 0 0 0 0 0 0
00001564_000.png 0 0 0 0 0 0 0 0 0 0 0 0 0 0
00001568_003.png 0 0 0 0 0 0 0 0 0 0 0 0 0 0
00001570_001.png 0 0 0 0 0 0 0 0 0 0 0 0 0 0
00001577_002.png 0 0 0 0 0 0 0 0 0 0 0 0 0 0
00001579_000.png 0 0 0 0 0 0 0 0 0 0 0 0 0 0
00001581_001.png 0 0 0 0 0 0 0 0 0 0 0 0 0 0
00001582_017.png 0 0 0 1 1 0 1 0 0 0 0 0 0 0
00001582_019.png 0 0 0 0 0 0 1 0 0 0 0 0 0 0
00001582_021.png 0 0 0 0 0 0 1 0 0 0 0 0 0 0
00001582_023.png 1 1 1 0 0 0 1 0 0 0 0 0 0 0
00001582_024.png 1 1 1 0 0 0 1 0 0 0 0 0 0 0
00001591_000.png 0 0 0 0 0 0 0 0 0 0 0 0 0 0
00001594_001.png 0 0 0 0 0 0 0 0 0 0 0 0 0 0
00001595_000.png 0 0 0 0 0 0 0 0 0 0 0 0 0 0
00001595_001.png 0 0 0 0 0 0 0 0 0 0 0 0 0 0
00001595_002.png 0 0 0 0 0 0 0 0 0 0 0 0 0 0
00001601_002.png 0 0 0 0 0 0 0 0 0 0 0 0 0 0
00001601_004.png 0 0 0 0 0 0 0 0 0 0 0 0 0 0
00001612_000.png 0 0 0 0 0 0 0 0 0 0 0 0 0 0
00001614_000.png 0 0 0 0 0 0 0 0 0 0 0 0 0 0
00001616_009.png 0 0 0 0 0 0 0 0 0 0 0 0 0 0
00001616_010.png 0 0 0 0 0 0 0 0 0 0 0 0 0 0
00001619_003.png 0 0 0 0 0 0 0 0 0 0 0 0 0 0
00001620_001.png 0 0 0 0 0 0 0 0 0 0 0 0 0 0
00001629_005.png 0 0 1 1 0 0 1 0 0 0 0 0 0 0
00001629_006.png 0 0 1 0 0 0 1 0 0 0 0 0 0 0
00001634_007.png 0 0 0 0 0 0 0 0 0 0 0 0 0 0
00001634_008.png 0 0 0 0 0 0 0 0 0 0 0 0 0 0
00001635_000.png 0 0 0 0 0 0 0 0 0 0 0 0 0 0
00001637_001.png 0 0 0 0 0 0 1 0 0 0 0 0 0 0
00001641_000.png 0 0 0 0 0 0 0 0 0 0 0 0 0 0
00001648_003.png 0 0 0 0 0 0 0 0 0 0 0 0 0 0
00001650_006.png 0 0 0 0 0 0 0 0 0 0 0 0 0 0
00001650_010.png 0 0 0 0 0 0 0 0 0 0 0 0 0 0
00001654_000.png 0 0 0 0 0 0 0 0 0 0 0 0 0 0
00001654_004.png 0 0 0 0 0 0 0 0 0 0 0 0 0 0
00001661_000.png 0 0 0 0 0 0 0 0 0 0 0 0 0 0
00001665_000.png 0 0 0 0 0 0 0 0 0 0 0 0 0 0
00001666_000.png 0 0 0 0 0 0 0 0 0 0 0 0 0 0
00001669_000.png 0 0 0 0 0 0 0 0 0 0 0 0 0 0
00001672_000.png 0 0 0 0 0 0 0 0 0 0 0 0 0 0
00001674_001.png 0 0 0 0 0 0 0 0 0 0 0 0 0 0
00001674_003.png 0 0 0 0 0 0 0 0 0 0 0 0 0 0
00001678_000.png 0 0 0 0 0 0 0 0 0 0 0 0 0 0
00001679_000.png 0 0 0 0 0 0 0 0 0 0 0 0 0 0
00001680_000.png 0 0 0 0 0 0 0 0 0 0 0 0 0 0
00001682_002.png 0 0 0 0 0 0 0 0 0 0 0 0 0 0
00001683_002.png 0 0 0 0 0 0 0 0 0 0 0 0 0 0
00001684_005.png 0 0 0 0 0 0 0 0 0 0 0 0 0 0
00001684_006.png 0 0 0 0 0 0 0 0 0 0 0 0 0 0
00001684_007.png 0 0 0 0 0 0 0 0 0 0 0 0 0 0
00001684_015.png 0 0 0 0 0 0 0 0 0 0 0 0 0 0
00001684_021.png 0 0 0 0 0 0 0 0 0 0 0 0 0 0
00001686_001.png 0 0 0 0 0 0 0 0 0 0 0 0 0 0
00001689_003.png 0 0 0 0 0 0 0 0 0 0 0 0 0 0
00001689_004.png 0 0 0 0 0 0 0 0 0 0 0 0 0 0
00001689_006.png 0 0 0 0 0 0 0 0 0 0 0 0 0 0
00001689_009.png 0 0 0 0 0 0 0 0 0 0 0 0 0 0
00001690_001.png 0 0 0 0 0 0 0 0 0 0 0 0 0 0
00001691_001.png 1 0 0 1 0 0 1 0 0 0 0 0 0 0
00001692_001.png 0 0 0 0 0 0 0 0 0 0 0 0 0 0
00001696_000.png 0 0 0 0 0 0 0 0 0 0 0 0 0 0
00001697_002.png 0 0 0 0 0 0 0 0 0 0 0 0 0 0
00001697_003.png 0 0 0 0 0 0 0 0 0 0 0 0 0 0
00001704_001.png 0 0 0 0 0 0 0 0 0 0 0 0 0 0
00001706_001.png 1 0 0 0 0 0 1 0 0 0 0 0 0 0
00001707_000.png 0 0 0 0 0 0 0 0 0 0 0 0 0 0
00001714_000.png 0 0 0 0 0 0 0 0 0 0 0 0 0 0
00001715_000.png 0 0 0 0 0 0 0 0 0 0 0 0 0 0
00001719_003.png 0 0 0 0 0 0 0 0 0 0 0 0 0 0
00001720_000.png 0 0 0 0 0 0 0 0 0 0 0 0 0 0
00001721_000.png 0 0 0 0 0 0 0 0 0 0 0 0 0 0
00001725_000.png 0 0 0 0 0 0 0 0 0 0 0 0 0 0
00001727_001.png 0 0 0 0 0 0 0 0 0 0 0 0 0 0
00001730_002.png 0 0 0 0 0 0 0 0 0 0 0 0 0 0
00001730_005.png 0 0 0 0 0 0 0 0 0 0 0 0 0 0
00001734_000.png 1 0 0 1 0 0 1 0 0 0 0 0 0 0
00001735_002.png 0 0 0 0 0 0 0 0 0 0 0 0 0 0
00001736_006.png 0 0 0 0 0 0 0 0 0 0 0 0 0 0
00001736_010.png 1 0 1 0 0 0 1 0 1 0 0 0 0 0
00001736_014.png 0 0 0 0 0 0 0 0 0 0 0 0 0 0
00001736_029.png 0 0 0 0 0 0 0 0 0 0 0 0 0 0
00001738_005.png 0 0 0 0 0 0 0 0 0 0 0 0 0 0
00001739_000.png 0 0 0 0 0 0 0 0 0 0 0 0 0 0
00001745_001.png 0 0 0 1 0 0 1 0 0 0 0 0 0 0
00001746_000.png 0 0 0 0 0 0 0 0 0 0 0 0 0 0
00001748_007.png 0 0 0 0 0 0 0 0 0 0 0 0 0 0
00001749_001.png 0 0 0 0 0 0 0 0 0 0 0 0 0 0
00001749_002.png 0 0 0 0 0 0 1 0 0 0 0 0 0 0
00001749_003.png 0 0 0 0 0 0 1 0 0 0 0 0 0 0
00001752_000.png 0 0 0 0 0 0 0 0 0 0 0 0 0 0
00001752_001.png 0 0 0 0 0 0 0 0 0 0 0 0 0 0
00001754_000.png 0 0 0 0 0 0 0 0 0 0 0 0 0 0
00001757_000.png 0 0 0 0 0 0 0 0 0 0 0 0 0 0
00001757_001.png 0 0 0 0 0 0 0 0 0 0 0 0 0 0
00001758_001.png 0 0 0 0 0 0 0 0 0 0 0 0 0 0
00001759_000.png 0 0 0 0 0 0 0 0 0 0 0 0 0 0
00001762_000.png 0 0 0 0 0 0 0 0 0 0 0 0 0 0
00001769_001.png 0 0 0 0 0 0 0 0 0 0 0 0 0 0
00001770_002.png 0 0 0 0 0 0 0 0 0 0 0 0 0 0
00001772_003.png 0 0 0 0 0 0 0 0 0 0 0 0 0 0
00001773_000.png 0 0 0 0 0 0 0 0 0 0 0 0 0 0
00001784_001.png 0 0 0 0 0 0 0 0 0 0 0 0 0 0
00001787_013.png 0 0 0 0 0 0 0 0 0 0 0 0 0 0
00001787_015.png 0 0 0 0 0 0 0 0 0 0 0 0 0 0
00001796_008.png 1 0 0 0 0 0 1 0 0 0 0 0 0 0
00001799_001.png 0 0 0 0 0 0 0 0 0 0 0 0 0 0
00001802_001.png 0 0 0 0 0 0 0 0 0 0 0 0 0 0
00001803_013.png 0 0 0 0 0 0 0 0 0 0 0 0 0 0
00001803_014.png 0 0 0 0 0 0 0 0 0 0 0 0 0 0
00001803_016.png 0 0 0 0 0 0 0 0 0 0 0 0 0 0
00001812_001.png 0 0 0 0 0 0 0 0 0 0 0 0 0 0
00001815_000.png 0 0 0 0 0 0 0 0 0 0 0 0 0 0
00001817_000.png 0 0 0 0 0 0 0 0 0 0 0 0 0 0
00001818_001.png 0 0 0 0 0 0 0 0 0 0 0 0 0 0
00001820_000.png 0 0 0 0 0 0 0 0 0 0 0 0 0 0
00001820_001.png 0 0 0 0 0 0 0 0 0 0 0 0 0 0
00001821_001.png 0 0 0 0 0 0 0 0 0 0 0 0 0 0
00001822_000.png 0 0 0 0 0 0 0 0 0 0 0 0 0 0
00001828_000.png 0 0 0 0 0 0 0 0 0 0 0 0 0 0
00001831_001.png 0 0 0 0 0 0 0 0 0 0 0 0 0 0
00001836_003.png 0 0 0 0 0 0 0 0 0 0 0 0 0 0
00001836_010.png 0 0 0 0 0 1 1 0 1 0 0 1 0 0
00001836_052.png 0 0 0 1 0 0 1 0 0 1 0 0 0 0
00001836_058.png 0 0 0 0 0 0 0 0 0 0 0 0 0 0
00001836_061.png 0 0 0 0 0 0 0 0 0 0 0 0 0 0
00001836_063.png 0 0 0 0 0 0 0 0 0 0 0 0 0 0
00001836_093.png 0 0 0 0 0 0 0 0 0 0 0 0 0 0
00001836_102.png 0 0 0 0 0 0 0 0 0 0 0 0 0 0
00001836_110.png 0 0 0 0 1 0 1 0 0 0 0 0 0 0
00001836_121.png 0 0 0 0 0 0 0 0 0 0 0 0 0 0
00001836_124.png 0 0 0 0 0 0 0 0 0 0 0 0 0 0
00001836_133.png 0 0 0 0 0 0 0 0 0 0 0 0 0 0
00001837_002.png 0 0 0 0 0 0 1 0 0 0 0 0 0 0
00001839_002.png 0 0 0 0 0 0 0 0 0 0 0 0 0 0
00001842_000.png 0 0 0 0 0 0 0 0 0 0 0 0 0 0
00001845_004.png 0 0 0 0 0 0 0 0 0 0 0 0 0 0
00001848_001.png 0 0 0 0 0 0 0 0 0 0 0 0 0 0
00001851_000.png 0 0 0 0 0 0 0 0 0 0 0 0 0 0
00001855_004.png 0 0 0 0 0 0 0 0 0 0 0 0 0 0
00001855_008.png 0 0 0 0 0 0 1 0 0 0 0 0 0 0
00001855_015.png 0 0 0 0 0 0 0 0 0 0 0 0 0 0
00001855_017.png 0 0 0 0 0 0 0 0 0 0 0 0 0 0
00001855_037.png 0 0 0 0 0 0 1 0 0 1 0 0 0 0
00001856_000.png 0 0 0 0 0 0 0 0 0 0 0 0 0 0
00001858_001.png 0 0 0 0 0 0 0 0 0 0 0 0 0 0
00001859_001.png 0 0 0 0 0 0 0 0 0 0 0 0 0 0
00001861_000.png 0 0 0 0 0 0 0 0 0 0 0 0 0 0
00001861_001.png 0 0 0 0 0 0 0 0 0 0 0 0 0 0
00001864_000.png 0 0 0 0 0 0 0 0 0 0 0 0 0 0
00001867_000.png 0 0 0 0 0 0 0 0 0 0 0 0 0 0
00001872_000.png 0 0 0 0 0 0 0 0 0 0 0 0 0 0
00001872_004.png 0 0 0 1 0 0 1 0 0 0 0 0 0 0
00001872_014.png 0 0 0 0 0 0 0 0 0 0 0 0 0 0
00001880_001.png 0 0 0 0 0 0 0 0 0 0 0 0 0 0
00001885_001.png 0 0 0 0 0 0 0 0 0 0 0 0 0 0
00001895_000.png 0 0 0 0 0 0 0 0 0 0 0 0 0 0
00001898_000.png 0 0 0 0 0 0 0 0 0 0 0 0 0 0
00001900_001.png 0 0 0 0 0 0 0 0 0 0 0 0 0 0
00001900_002.png 0 0 0 0 0 0 0 0 0 0 0 0 0 0
00001900_005.png 0 0 0 0 0 0 0 0 0 0 0 0 0 0
00001906_004.png 0 0 0 0 0 0 1 0 0 0 0 0 0 0
00001906_008.png 0 0 0 0 0 0 0 0 0 0 0 0 0 0
00001907_000.png 0 0 0 0 0 0 0 0 0 0 0 0 0 0
00001910_000.png 0 0 0 0 0 0 0 0 0 0 0 0 0 0
00001911_001.png 0 0 0 0 0 0 0 0 0 0 0 0 0 0
00001911_002.png 1 0 0 0 0 0 1 0 0 0 0 0 0 0
00001913_001.png 0 0 0 0 0 0 1 0 0 0 0 0 1 0
00001916_001.png 0 0 0 0 0 0 0 0 0 0 0 0 0 0
00001918_000.png 0 0 0 0 0 0 0 0 0 0 0 0 0 0
00001921_001.png 0 0 0 0 0 0 0 0 0 0 0 0 0 0
00001921_002.png 0 0 0 0 0 0 0 0 0 0 0 0 0 0
00001921_004.png 0 0 0 0 0 0 0 0 0 0 0 0 0 0
00001926_000.png 0 0 0 0 0 0 0 0 0 0 0 0 0 0
00001930_001.png 0 0 0 0 0 0 0 0 0 0 0 0 0 0
00001931_007.png 0 0 0 0 0 0 0 0 0 0 0 0 0 0
00001931_011.png 0 0 0 0 0 0 0 0 0 0 0 0 0 0
00001931_012.png 0 0 0 0 0 0 0 0 0 0 0 0 0 0
00001931_017.png 0 0 0 0 0 0 0 0 0 0 0 0 0 0
00001931_021.png 0 0 0 0 0 0 0 0 0 0 0 0 0 0
00001933_000.png 0 0 0 0 0 0 1 0 1 0 0 0 0 0
00001938_002.png 0 0 0 0 0 0 0 0 0 0 0 0 0 0
00001938_005.png 0 0 0 0 0 0 0 0 0 0 0 0 0 0
00001939_000.png 0 0 0 0 0 0 0 0 0 0 0 0 0 0
00001941_003.png 0 0 0 0 0 0 0 0 0 0 0 0 0 0
00001946_007.png 0 0 0 0 0 0 1 0 0 0 0 0 0 0
00001946_008.png 0 0 0 0 0 0 0 0 0 0 0 0 0 0
00001946_015.png 0 0 0 1 0 0 1 0 0 0 0 0 1 0
00001946_018.png 0 0 0 1 0 0 1 0 0 0 0 0 0 0
00001946_024.png 0 0 0 0 0 0 1 0 0 0 0 0 0 0
00001946_030.png 0 0 0 0 0 0 0 0 0 0 0 0 0 0
00001951_008.png 0 0 0 0 0 0 0 0 0 0 0 0 0 0
00001951_017.png 0 0 0 0 0 0 0 0 0 0 0 0 0 0
00001952_003.png 0 0 0 0 0 0 0 0 0 0 0 0 0 0
00001958_002.png 0 0 0 0 0 0 0 0 0 0 0 0 0 0
00001958_003.png 0 0 0 0 0 0 0 0 0 0 0 0 0 0
00001958_004.png 0 0 0 0 0 0 0 0 0 0 0 0 0 0
00001958_018.png 0 0 0 0 0 0 0 0 0 0 0 0 0 0
00001962_000.png 1 0 0 0 0 0 1 0 0 0 0 0 0 0
00001965_000.png 0 0 0 0 0 0 0 0 0 0 0 0 0 0
00001970_002.png 0 0 0 0 0 0 0 0 0 0 0 0 0 0
00001970_003.png 0 0 0 0 0 0 0 0 0 0 0 0 0 0
00001977_001.png 0 0 0 0 0 0 0 0 0 0 0 0 0 0
00001979_000.png 0 0 0 0 0 0 0 0 0 0 0 0 0 0
00001979_001.png 0 0 0 0 0 0 0 0 0 0 0 0 0 0
00001986_004.png 0 0 0 0 0 0 0 0 0 0 0 0 0 0
00001986_006.png 0 0 0 0 0 0 0 0 0 0 0 0 0 0
00001986_007.png 0 0 0 0 0 0 0 0 0 0 0 0 0 0
00001989_008.png 0 0 0 0 0 0 0 0 0 0 0 0 0 0
00001991_001.png 0 0 0 0 0 0 0 0 0 0 0 0 0 0
00001992_002.png 0 0 0 0 0 0 1 0 0 0 0 0 0 0
00001992_003.png 0 0 0 0 0 0 0 0 0 0 0 0 0 0
00001992_013.png 1 0 0 0 0 0 1 0 0 0 0 0 0 0
00001993_000.png 0 0 0 1 0 1 1 0 0 0 0 0 0 0
00001995_003.png 0 0 0 0 0 0 0 0 0 0 0 0 0 0
00001996_001.png 0 0 0 0 0 0 0 0 0 0 0 0 0 0
00001996_004.png 0 0 0 0 0 0 0 0 0 0 0 0 0 0
00001999_000.png 0 0 0 0 0 0 0 0 0 0 0 0 0 0
00002003_010.png 0 0 0 0 0 0 0 0 0 0 0 0 0 0
00002006_001.png 0 0 0 0 0 0 0 0 0 0 0 0 0 0
00002013_000.png 0 0 0 0 0 0 0 0 0 0 0 0 0 0
00002014_003.png 0 0 0 0 0 0 0 0 0 0 0 0 0 0
00002015_000.png 0 0 0 0 0 0 0 0 0 0 0 0 0 0
00002015_002.png 0 0 0 0 0 0 0 0 0 0 0 0 0 0
00002017_000.png 0 0 0 0 0 0 0 0 0 0 0 0 0 0
00002017_001.png 0 0 0 0 0 0 0 0 0 0 0 0 0 0
00002032_006.png 0 0 0 0 0 0 0 0 0 0 0 0 0 0
00002042_004.png 0 0 0 0 0 0 0 0 0 0 0 0 0 0
00002045_001.png 0 0 0 0 0 0 0 0 0 0 0 0 0 0
00002048_008.png 0 0 0 0 0 0 0 0 0 0 0 0 0 0
00002048_009.png 0 0 0 0 0 0 0 0 0 0 0 0 0 0
00002048_012.png 0 0 0 0 0 0 0 0 0 0 0 0 0 0
00002049_000.png 0 0 0 0 0 0 0 0 0 0 0 0 0 0
00002052_002.png 0 0 0 0 0 0 1 0 0 0 0 0 0 0
00002054_001.png 0 0 0 0 0 0 0 0 0 0 0 0 0 0
00002054_003.png 0 0 0 0 0 0 0 0 0 0 0 0 0 0
00002055_001.png 0 0 0 0 0 0 0 0 0 0 0 0 0 0
00002056_000.png 0 0 0 0 0 0 0 0 0 0 0 0 0 0
00002058_015.png 0 0 0 0 0 0 0 0 0 0 0 0 0 0
00002058_019.png 0 0 0 0 0 0 0 0 0 0 0 0 0 0
00002058_023.png 0 0 0 0 0 0 0 0 0 0 0 0 0 0
00002058_024.png 0 0 0 0 0 0 0 0 0 0 0 0 0 0
00002058_026.png 0 0 0 0 0 0 0 0 0 0 0 0 0 0
00002058_030.png 0 0 0 0 0 0 0 0 0 0 0 0 0 0
00002058_031.png 0 0 0 0 0 0 0 0 0 0 0 0 0 0
00002061_000.png 0 0 0 0 0 1 1 0 0 0 0 0 1 0
00002062_000.png 0 0 0 0 0 0 0 0 0 0 0 0 0 0
00002063_000.png 0 0 0 0 0 0 0 0 0 0 0 0 0 0
00002064_000.png 0 0 0 0 0 0 0 0 0 0 0 0 0 0
00002065_001.png 0 0 0 0 0 0 0 0 0 0 0 0 0 0
00002067_000.png 0 0 0 1 0 0 1 0 0 0 0 0 0 0
00002075_000.png 0 0 0 0 0 0 0 0 0 0 0 0 0 0
00002081_003.png 0 0 0 0 0 0 0 0 0 0 0 0 0 0
00002085_000.png 0 0 0 0 0 0 0 0 0 0 0 0 0 0
00002088_000.png 0 0 0 0 0 0 0 0 0 0 0 0 0 0
00002092_000.png 0 0 0 0 0 0 0 0 0 0 0 0 0 0
00002094_006.png 0 0 0 0 0 0 1 0 0 0 0 0 1 0
00002104_001.png 0 0 0 0 0 0 0 0 0 0 0 0 0 0
00002109_000.png 0 0 0 0 0 0 1 0 0 0 0 0 0 0
00002111_003.png 0 0 0 0 0 0 0 0 0 0 0 0 0 0
00002111_012.png 0 0 0 0 0 0 0 0 0 0 0 0 0 0
00002111_015.png 0 0 0 0 0 0 0 0 0 0 0 0 0 0
00002111_016.png 0 0 0 0 0 0 0 0 0 0 0 0 0 0
00002115_001.png 0 0 0 0 0 0 0 0 0 0 0 0 0 0
00002117_000.png 0 0 0 0 0 0 0 0 0 0 0 0 0 0
00002117_004.png 0 0 0 0 0 0 0 0 0 0 0 0 0 0
00002117_005.png 0 0 0 0 0 0 0 0 0 0 0 0 0 0
00002117_009.png 0 0 0 0 0 0 0 0 0 0 0 0 0 0
00002118_009.png 0 0 0 0 0 0 1 0 0 0 0 0 0 0
00002118_010.png 0 0 0 0 0 0 0 0 0 0 0 0 0 0
00002122_003.png 0 0 0 0 0 0 0 0 0 0 0 0 0 0
00002122_007.png 0 0 0 0 0 0 0 0 0 0 0 0 0 0
00002129_006.png 0 0 0 0 0 0 0 0 0 0 0 0 0 0
00002139_001.png 0 0 0 0 0 0 0 0 0 0 0 0 0 0
00002143_001.png 0 0 0 0 0 0 0 0 0 0 0 0 0 0
00002148_000.png 0 0 0 0 0 0 0 0 0 0 0 0 0 0
00002157_000.png 0 0 0 0 0 0 0 0 0 0 0 0 0 0
00002165_003.png 0 0 0 0 0 0 0 0 0 0 0 0 0 0
00002166_000.png 0 0 0 0 0 0 0 0 0 0 0 0 0 0
00002167_001.png 0 0 0 0 0 0 0 0 0 0 0 0 0 0
00002172_000.png 0 0 0 0 0 0 0 0 0 0 0 0 0 0
00002176_011.png 0 0 0 0 0 0 0 0 0 0 0 0 0 0
00002177_000.png 0 0 0 0 0 0 0 0 0 0 0 0 0 0
00002182_005.png 0 0 0 0 0 0 0 0 0 0 0 0 0 0
00002183_000.png 0 0 0 0 0 0 0 0 0 0 0 0 0 0
00002184_001.png 0 0 0 0 0 0 0 0 0 0 0 0 0 0
00002185_000.png 0 0 0 0 0 0 0 0 0 0 0 0 0 0
00002187_000.png 0 0 0 0 0 0 0 0 0 0 0 0 0 0
00002188_000.png 0 0 0 0 0 0 0 0 0 0 0 0 0 0
00002196_000.png 0 0 0 0 0 0 0 0 0 0 0 0 0 0
00002198_000.png 0 0 0 0 0 0 0 0 0 0 0 0 0 0
00002206_003.png 0 0 0 0 0 0 0 0 0 0 0 0 0 0
00002214_001.png 0 0 0 0 0 0 0 0 0 0 0 0 0 0
00002216_000.png 0 0 0 0 0 0 0 0 0 0 0 0 0 0
00002218_000.png 0 0 0 0 0 0 0 0 0 0 0 0 0 0
00002218_004.png 0 0 0 0 0 0 0 0 0 0 0 0 0 0
00002219_000.png 0 0 0 0 0 0 0 0 0 0 0 0 0 0
00002224_001.png 0 0 0 0 0 0 0 0 0 0 0 0 0 0
00002225_000.png 0 0 0 0 0 0 0 0 0 0 0 0 0 0
00002227_000.png 0 0 0 0 0 0 0 0 0 0 0 0 0 0
00002229_001.png 0 0 0 0 0 0 0 0 0 0 0 0 0 0
00002232_000.png 0 0 0 0 0 0 0 0 0 0 0 0 0 0
00002234_000.png 0 0 0 0 0 0 0 0 0 0 0 0 0 0
00002235_001.png 1 0 0 0 0 0 1 0 0 0 0 0 0 0
00002238_005.png 0 0 0 0 0 0 0 0 0 0 0 0 0 0
00002240_000.png 0 0 0 0 0 0 0 0 0 0 0 0 0 0
00002243_002.png 0 0 0 0 0 0 0 0 0 0 0 0 0 0
00002247_001.png 0 0 0 0 0 0 0 0 0 0 0 0 0 0
00002250_000.png 0 0 0 0 0 0 0 0 0 0 0 0 0 0
00002251_003.png 0 0 0 0 0 0 0 0 0 0 0 0 0 0
00002253_000.png 0 0 0 0 0 0 0 0 0 0 0 0 0 0
00002256_003.png 0 0 0 0 0 0 0 0 0 0 0 0 0 0
00002256_004.png 0 0 0 0 0 0 0 0 0 0 0 0 0 0
00002256_008.png 0 0 0 0 0 0 0 0 0 0 0 0 0 0
00002256_009.png 0 0 0 0 0 0 0 0 0 0 0 0 0 0
00002256_011.png 0 0 0 0 0 0 0 0 0 0 0 0 0 0
00002256_015.png 0 0 0 0 0 0 0 0 0 0 0 0 0 0
00002271_001.png 0 0 0 0 0 0 0 0 0 0 0 0 0 0
00002273_000.png 0 0 0 0 0 0 0 0 0 0 0 0 0 0
00002275_011.png 0 0 0 0 0 0 0 0 0 0 0 0 0 0
00002275_012.png 0 0 0 0 0 0 0 0 0 0 0 0 0 0
00002275_018.png 0 0 0 1 0 0 1 0 0 0 1 0 0 0
00002275_019.png 0 0 0 1 0 0 1 0 0 0 1 0 1 0
00002280_001.png 0 0 0 0 0 0 0 0 0 0 0 0 0 0
00002281_000.png 0 0 0 0 0 0 0 0 0 0 0 0 0 0
00002282_000.png 0 0 0 0 0 0 0 0 0 0 0 0 0 0
00002285_004.png 0 0 0 0 0 0 0 0 0 0 0 0 0 0
00002286_001.png 0 0 0 0 0 0 0 0 0 0 0 0 0 0
00002288_004.png 0 0 0 0 0 0 1 0 0 0 0 0 0 0
00002290_002.png 0 0 0 0 0 0 0 0 0 0 0 0 0 0
00002293_000.png 0 0 0 0 0 0 0 0 0 0 0 0 0 0
00002299_005.png 0 0 0 0 0 0 0 0 0 0 0 0 0 0
00002299_006.png 0 0 0 0 0 0 0 0 0 0 0 0 0 0
00002300_002.png 0 0 0 0 0 0 0 0 0 0 0 0 0 0
00002300_008.png 0 0 1 0 0 0 1 0 0 0 0 0 0 0
00002300_052.png 0 0 0 1 0 0 1 0 1 0 0 0 0 0
00002301_000.png 0 0 0 0 0 0 0 0 0 0 0 0 0 0
00002307_000.png 0 0 0 0 0 0 0 0 0 0 0 0 0 0
00002309_000.png 0 0 0 0 0 0 0 0 0 0 0 0 0 0
00002311_002.png 0 0 0 0 0 0 0 0 0 0 0 0 0 0
00002312_003.png 0 0 0 0 0 0 0 0 0 0 0 0 0 0
00002312_004.png 0 0 0 0 0 0 0 0 0 0 0 0 0 0
00002312_005.png 0 0 0 0 0 0 0 0 0 0 0 0 0 0
00002314_000.png 0 0 0 0 0 0 0 0 0 0 0 0 0 0
00002316_002.png 0 0 0 0 0 0 0 0 0 0 0 0 0 0
00002316_003.png 0 0 0 0 0 0 0 0 0 0 0 0 0 0
00002316_004.png 0 0 0 0 0 0 0 0 0 0 0 0 0 0
00002319_000.png 0 0 0 0 0 0 0 0 0 0 0 0 0 0
00002320_006.png 0 0 0 0 0 0 0 0 0 0 0 0 0 0
00002328_001.png 0 0 0 0 0 0 0 0 0 0 0 0 0 0
00002330_005.png 0 0 0 0 0 0 0 0 0 0 0 0 0 0
00002334_001.png 0 0 0 0 0 0 0 0 0 0 0 0 0 0
00002335_002.png 0 0 0 0 0 0 0 0 0 0 0 0 0 0
00002335_003.png 0 0 0 0 0 0 0 0 0 0 0 0 0 0
00002340_000.png 0 0 0 0 0 0 0 0 0 0 0 0 0 0
00002340_001.png 0 0 0 0 0 0 0 0 0 0 0 0 0 0
00002342_001.png 0 0 0 0 0 0 0 0 0 0 0 0 0 0
00002343_003.png 0 0 1 0 0 0 1 0 0 0 0 0 0 0
00002348_000.png 0 0 0 0 0 0 0 0 0 0 0 0 0 0
00002349_000.png 0 0 0 0 0 0 0 0 0 0 0 0 0 0
00002351_010.png 0 0 0 0 0 0 0 0 0 0 0 0 0 0
00002355_001.png 0 0 0 0 0 0 0 0 0 0 0 0 0 0
00002355_008.png 0 0 0 0 0 0 0 0 0 0 0 0 0 0
00002356_001.png 0 0 0 0 0 0 0 0 0 0 0 0 0 0
00002356_004.png 0 0 0 0 0 0 0 0 0 0 0 0 0 0
00002356_008.png 0 0 0 0 0 0 0 0 0 0 0 0 0 0
00002356_010.png 0 0 0 0 0 0 0 0 0 0 0 0 0 0
00002358_003.png 0 0 0 0 0 0 0 0 0 0 0 0 0 0
00002359_010.png 0 0 0 0 0 0 0 0 0 0 0 0 0 0
00002359_011.png 0 0 0 0 0 0 0 0 0 0 0 0 0 0
00002360_002.png 0 0 0 0 0 0 1 0 0 0 0 0 0 0
00002366_000.png 0 0 0 0 0 0 0 0 0 0 0 0 0 0
00002367_000.png 0 0 0 0 0 0 0 0 0 0 0 0 0 0
00002368_000.png 0 0 0 0 0 0 0 0 0 0 0 0 0 0
00002369_000.png 0 0 0 0 0 0 0 0 0 0 0 0 0 0
00002371_002.png 0 0 0 0 0 0 0 0 0 0 0 0 0 0
00002371_021.png 0 0 0 0 0 0 0 0 0 0 0 0 0 0
00002371_025.png 0 0 0 0 0 0 0 0 0 0 0 0 0 0
00002371_028.png 0 0 0 0 0 0 0 0 0 0 0 0 0 0
00002373_001.png 0 0 0 0 0 0 0 0 0 0 0 0 0 0
00002374_000.png 0 0 0 0 0 0 0 0 0 0 0 0 0 0
00002376_000.png 0 0 0 0 0 0 0 0 0 0 0 0 0 0
00002380_002.png 0 0 0 0 0 0 0 0 0 0 0 0 0 0
00002381_000.png 0 0 0 0 0 0 0 0 0 0 0 0 0 0
00002381_003.png 0 0 0 0 0 0 0 0 0 0 0 0 0 0
00002386_000.png 0 0 0 0 0 0 0 0 0 0 0 0 0 0
00002386_005.png 0 0 0 0 0 0 0 0 0 0 0 0 0 0
00002387_001.png 0 0 0 0 0 0 0 0 0 0 0 0 0 0
00002390_000.png 0 0 0 0 0 0 0 0 0 0 0 0 0 0
00002393_001.png 0 0 0 0 0 0 0 0 0 0 0 0 0 0
00002395_003.png 0 0 0 0 0 0 0 0 0 0 0 0 0 0
00002395_035.png 0 0 0 0 0 0 0 0 0 0 0 0 0 0
00002407_000.png 0 0 0 0 0 0 0 0 0 0 0 0 0 0
00002411_008.png 0 0 0 0 0 0 0 0 0 0 0 0 0 0
00002411_013.png 0 0 0 0 0 0 0 0 0 0 0 0 0 0
00002411_018.png 0 0 0 0 0 0 0 0 0 0 0 0 0 0
00002413_001.png 1 0 0 0 0 0 1 0 0 0 0 0 0 0
00002413_003.png 0 0 0 0 0 0 0 0 0 0 0 0 0 0
00002415_002.png 0 0 0 0 0 0 0 0 0 0 0 0 0 0
00002420_002.png 0 0 0 0 0 0 0 0 0 0 0 0 0 0
00002424_011.png 0 0 0 0 0 0 0 0 0 0 0 0 0 0
00002436_001.png 0 0 0 0 0 0 0 0 0 0 0 0 0 0
00002437_022.png 0 0 0 0 0 0 0 0 0 0 0 0 0 0
00002437_030.png 0 0 0 0 0 0 0 0 0 0 0 0 0 0
00002437_033.png 0 0 0 0 0 0 1 0 0 1 0 0 0 0
00002437_045.png 0 0 0 0 0 0 0 0 0 0 0 0 0 0
00002437_050.png 0 0 0 0 0 0 0 0 0 0 0 0 0 0
00002437_051.png 0 0 0 0 0 0 0 0 0 0 0 0 0 0
00002438_002.png 0 0 0 0 0 0 0 0 0 0 0 0 0 0
00002439_004.png 0 0 0 0 0 0 0 0 0 0 0 0 0 0
00002439_005.png 0 0 0 0 0 0 0 0 0 0 0 0 0 0
00002439_010.png 0 0 0 1 0 0 1 0 0 0 0 0 0 0
00002441_003.png 0 0 0 0 0 0 0 0 0 0 0 0 0 0
00002442_001.png 0 0 0 0 0 0 0 0 0 0 0 0 0 0
00002449_000.png 0 0 0 0 0 0 0 0 0 0 0 0 0 0
00002451_006.png 0 0 0 0 0 0 0 0 0 0 0 0 0 0
00002451_007.png 0 0 0 0 0 0 1 0 0 0 0 0 0 0
00002451_010.png 0 0 0 0 0 0 0 0 0 0 0 0 0 0
00002451_012.png 0 0 0 0 0 0 0 0 0 0 0 0 0 0
00002451_015.png 0 0 0 0 0 0 0 0 0 0 0 0 0 0
00002452_001.png 0 0 0 0 0 0 0 0 0 0 0 0 0 0
00002457_002.png 0 0 0 0 0 0 0 0 0 0 0 0 0 0
00002457_013.png 0 0 0 0 0 0 0 0 0 0 0 0 0 0
00002463_001.png 0 0 0 0 0 0 0 0 0 0 0 0 0 0
00002467_003.png 0 0 0 0 0 0 0 0 0 0 0 0 0 0
00002468_000.png 0 0 0 0 0 0 0 0 0 0 0 0 0 0
00002469_002.png 0 0 0 0 0 0 0 0 0 0 0 0 0 0
00002469_003.png 1 0 0 0 0 0 1 0 0 0 0 0 0 0
00002470_002.png 0 0 0 0 0 0 0 0 0 0 0 0 0 0
00002474_003.png 0 0 0 0 0 0 0 0 0 0 0 0 0 0
00002474_004.png 0 0 0 1 0 0 1 0 0 1 0 0 0 0
00002474_007.png 0 0 0 0 0 0 0 0 0 0 0 0 0 0
00002480_003.png 0 0 0 0 0 0 0 0 0 0 0 0 0 0
00002483_001.png 0 0 0 0 0 0 0 0 0 0 0 0 0 0
00002484_003.png 0 1 0 0 0 0 1 0 0 0 0 0 0 0
00002487_000.png 0 0 0 0 0 0 0 0 0 0 0 0 0 0
00002487_001.png 0 0 0 0 0 0 0 0 0 0 0 0 0 0
00002491_000.png 0 0 0 0 0 0 0 0 0 0 0 0 0 0
00002492_011.png 0 0 0 0 0 0 0 0 0 0 0 0 0 0
00002492_013.png 0 0 0 0 0 0 0 0 0 0 0 0 0 0
00002492_019.png 0 0 0 0 0 0 0 0 0 0 0 0 0 0
00002505_001.png 0 0 0 0 0 0 0 0 0 0 0 0 0 0
00002505_007.png 0 0 0 0 0 0 0 0 0 0 0 0 0 0
00002505_020.png 0 0 0 0 0 0 0 0 0 0 0 0 0 0
00002507_000.png 0 0 0 0 0 0 0 0 0 0 0 0 0 0
00002509_008.png 0 0 0 0 0 0 0 0 0 0 0 0 0 0
00002511_000.png 0 0 0 0 0 0 0 0 0 0 0 0 0 0
00002519_000.png 0 0 0 0 0 0 0 0 0 0 0 0 0 0
00002521_000.png 0 0 0 0 0 0 0 0 0 0 0 0 0 0
00002524_001.png 0 0 0 0 0 0 0 0 0 0 0 0 0 0
00002524_005.png 0 0 0 0 0 0 0 0 0 0 0 0 0 0
00002524_007.png 0 0 0 0 0 0 0 0 0 0 0 0 0 0
00002524_029.png 0 0 0 0 0 0 0 0 0 0 0 0 0 0
00002524_030.png 0 0 0 0 0 0 0 0 0 0 0 0 0 0
00002529_005.png 0 0 0 0 0 0 0 0 0 0 0 0 0 0
00002529_008.png 0 0 0 1 0 1 1 0 0 0 0 0 0 0
00002529_016.png 0 0 0 0 0 0 0 0 0 0 0 0 0 0
00002529_022.png 1 0 1 1 0 0 1 0 0 1 0 0 0 0
00002534_000.png 0 0 0 0 0 0 0 0 0 0 0 0 0 0
00002540_000.png 0 0 0 0 0 0 0 0 0 0 0 0 0 0
00002547_001.png 0 0 0 0 0 0 0 0 0 0 0 0 0 0
00002548_003.png 1 0 0 0 0 1 1 0 0 0 0 0 0 0
00002549_005.png 0 0 0 0 0 0 0 0 0 0 0 0 0 0
00002552_004.png 0 0 0 0 0 0 0 0 0 0 0 0 0 0
00002555_000.png 0 0 0 0 0 0 0 0 0 0 0 0 0 0
00002556_001.png 0 0 0 0 0 0 0 0 0 0 0 0 0 0
00002558_002.png 0 0 0 0 0 0 0 0 0 0 0 0 0 0
00002572_003.png 0 0 0 0 0 0 0 0 0 0 0 0 0 0
00002572_006.png 0 0 0 0 0 0 1 0 0 0 0 0 0 0
00002576_000.png 0 0 0 0 0 0 0 0 0 0 0 0 0 0
00002576_008.png 0 0 0 0 0 0 0 0 0 0 0 0 0 0
00002576_010.png 0 0 0 0 0 0 0 0 0 0 0 0 0 0
00002576_014.png 0 0 0 0 0 0 0 0 0 0 0 0 0 0
00002581_000.png 0 0 0 0 0 0 0 0 0 0 0 0 0 0
00002582_001.png 0 0 0 0 0 0 0 0 0 0 0 0 0 0
00002582_005.png 0 0 0 0 0 0 0 0 0 0 0 0 0 0
00002584_000.png 0 0 0 0 0 0 0 0 0 0 0 0 0 0
00002585_001.png 0 0 0 0 0 0 0 0 0 0 0 0 0 0
00002586_004.png 0 0 0 0 0 0 0 0 0 0 0 0 0 0
00002586_005.png 0 0 0 0 0 0 0 0 0 0 0 0 0 0
00002587_002.png 0 0 0 0 0 0 0 0 0 0 0 0 0 0
00002589_003.png 0 0 0 0 0 0 0 0 0 0 0 0 0 0
00002589_004.png 0 0 0 0 0 0 0 0 0 0 0 0 0 0
00002589_006.png 0 0 0 0 0 0 0 0 0 0 0 0 0 0
00002590_000.png 0 0 0 0 0 0 0 0 0 0 0 0 0 0
00002592_000.png 0 0 0 0 0 0 0 0 0 0 0 0 0 0
00002592_002.png 0 0 0 0 0 0 0 0 0 0 0 0 0 0
00002594_007.png 0 0 0 0 0 0 0 0 0 0 0 0 0 0
00002597_000.png 0 0 0 0 0 0 0 0 0 0 0 0 0 0
00002602_000.png 0 0 0 0 0 0 0 0 0 0 0 0 0 0
00002603_000.png 0 0 0 0 0 0 0 0 0 0 0 0 0 0
00002608_001.png 0 0 0 0 0 0 0 0 0 0 0 0 0 0
00002608_002.png 0 0 0 0 0 0 0 0 0 0 0 0 0 0
00002611_002.png 0 0 0 0 0 0 0 0 0 0 0 0 0 0
00002611_009.png 0 0 0 0 0 0 0 0 0 0 0 0 0 0
00002615_000.png 0 0 0 0 0 0 0 0 0 0 0 0 0 0
00002617_001.png 0 0 0 0 0 0 0 0 0 0 0 0 0 0
00002618_000.png 0 0 0 0 0 0 0 0 0 0 0 0 0 0
00002628_004.png 0 0 0 0 0 0 0 0 0 0 0 0 0 0
00002633_016.png 1 0 1 0 0 0 1 0 0 0 0 0 0 0
00002633_023.png 0 0 0 0 0 0 0 0 0 0 0 0 0 0
00002634_000.png 0 0 0 1 0 0 1 0 0 0 0 0 0 0
00002635_002.png 0 0 0 0 0 0 0 0 0 0 0 0 0 0
00002636_000.png 0 0 0 0 0 0 0 0 0 0 0 0 0 0
00002639_010.png 0 0 0 0 0 0 0 0 0 0 0 0 0 0
00002644_013.png 0 0 0 0 0 0 0 0 0 0 0 0 0 0
00002644_015.png 0 0 0 0 0 0 0 0 0 0 0 0 0 0
00002645_000.png 0 0 0 0 0 0 0 0 0 0 0 0 0 0
00002649_008.png 0 0 0 0 0 0 0 0 0 0 0 0 0 0
00002649_009.png 0 0 0 0 0 0 0 0 0 0 0 0 0 0
00002654_000.png 0 0 0 0 0 0 0 0 0 0 0 0 0 0
00002658_002.png 0 0 0 0 0 0 0 0 0 0 0 0 0 0
00002659_000.png 0 0 0 0 0 0 0 0 0 0 0 0 0 0
00002659_001.png 0 0 0 0 0 0 0 0 0 0 0 0 0 0
00002659_002.png 0 0 0 0 0 0 0 0 0 0 0 0 0 0
00002665_001.png 1 0 0 0 0 0 1 0 0 0 0 0 0 0
00002668_000.png 0 0 0 0 0 0 0 0 0 0 0 0 0 0
00002669_001.png 0 0 0 0 0 0 0 0 0 0 0 0 0 0
00002672_003.png 0 0 0 0 0 0 0 0 0 0 0 0 0 0
00002673_001.png 0 0 0 0 0 0 1 0 0 0 0 0 1 0
00002673_008.png 0 0 0 0 0 0 0 0 0 0 0 0 0 0
00002673_013.png 0 0 0 0 0 0 0 0 0 0 0 0 0 0
00002675_008.png 0 0 0 0 0 0 0 0 0 0 0 0 0 0
00002678_001.png 0 0 0 0 0 0 0 0 0 0 0 0 0 0
00002678_005.png 0 0 0 0 0 0 0 0 0 0 0 0 0 0
00002678_007.png 0 0 0 0 0 0 0 0 0 0 0 0 0 0
00002679_000.png 0 0 0 0 0 0 0 0 0 0 0 0 0 0
00002681_001.png 0 0 0 0 0 0 0 0 0 0 0 0 0 0
00002682_000.png 0 0 0 0 0 0 0 0 0 0 0 0 0 0
00002684_000.png 0 0 0 0 0 0 0 0 0 0 0 0 0 0
00002688_000.png 0 0 0 0 0 0 0 0 0 0 0 0 0 0
00002688_004.png 0 0 0 0 0 0 0 0 0 0 0 0 0 0
00002693_000.png 0 0 0 0 0 0 0 0 0 0 0 0 0 0
00002701_000.png 0 0 0 0 0 0 0 0 0 0 0 0 0 0
00002702_010.png 0 0 0 0 0 0 0 0 0 0 0 0 0 0
00002703_000.png 0 0 0 0 0 0 0 0 0 0 0 0 0 0
00002704_001.png 0 0 0 0 0 0 0 0 0 0 0 0 0 0
00002704_004.png 0 0 0 0 0 0 0 0 0 0 0 0 0 0
00002704_011.png 0 0 0 0 0 0 0 0 0 0 0 0 0 0
00002705_000.png 0 0 0 0 0 0 0 0 0 0 0 0 0 0
00002705_002.png 0 0 0 0 0 0 0 0 0 0 0 0 0 0
00002706_003.png 0 0 0 0 0 0 0 0 0 0 0 0 0 0
00002706_004.png 0 0 0 0 0 0 0 0 0 0 0 0 0 0
00002707_002.png 0 0 0 0 0 0 0 0 0 0 0 0 0 0
00002713_000.png 0 0 0 0 0 0 0 0 0 0 0 0 0 0
00002714_000.png 0 0 0 0 0 0 0 0 0 0 0 0 0 0
00002719_001.png 0 0 0 0 0 0 0 0 0 0 0 0 0 0
00002720_000.png 0 0 0 0 0 0 0 0 0 0 0 0 0 0
00002722_008.png 0 0 0 0 0 0 0 0 0 0 0 0 0 0
00002735_002.png 0 0 0 0 0 0 0 0 0 0 0 0 0 0
00002736_002.png 0 0 0 0 0 0 0 0 0 0 0 0 0 0
00002737_000.png 0 0 0 0 0 0 0 0 0 0 0 0 0 0
00002737_002.png 0 0 0 1 0 0 1 0 0 0 0 0 0 0
00002739_004.png 0 0 0 0 0 0 0 0 0 0 0 0 0 0
00002743_000.png 0 0 0 0 0 0 0 0 0 0 0 0 0 0
00002743_001.png 0 0 0 0 0 0 0 0 0 0 0 0 0 0
00002743_005.png 0 0 0 0 0 0 0 0 0 0 0 0 0 0
00002743_008.png 0 0 0 0 0 0 0 0 0 0 0 0 0 0
00002745_000.png 0 0 0 0 0 0 0 0 0 0 0 0 0 0
00002746_000.png 0 0 0 0 0 0 0 0 0 0 0 0 0 0
00002748_001.png 0 0 0 0 0 0 0 0 0 0 0 0 0 0
00002756_008.png 0 0 0 0 0 0 0 0 0 0 0 0 0 0
00002762_001.png 0 0 0 0 0 0 0 0 0 0 0 0 0 0
00002763_025.png 0 0 0 0 0 0 0 0 0 0 0 0 0 0
00002765_003.png 0 0 0 0 0 0 0 0 0 0 0 0 0 0
00002773_000.png 0 0 0 0 0 0 0 0 0 0 0 0 0 0
00002775_004.png 0 0 0 0 0 0 0 0 0 0 0 0 0 0
00002775_006.png 0 0 0 0 0 0 0 0 0 0 0 0 0 0
00002776_000.png 0 0 0 0 0 0 0 0 0 0 0 0 0 0
00002784_001.png 0 0 0 0 0 0 0 0 0 0 0 0 0 0
00002785_000.png 0 0 0 0 0 0 0 0 0 0 0 0 0 0
00002790_002.png 0 0 0 0 0 0 0 0 0 0 0 0 0 0
00002790_003.png 0 0 0 0 0 0 0 0 0 0 0 0 0 0
00002793_001.png 0 0 0 0 0 0 0 0 0 0 0 0 0 0
00002796_008.png 0 0 0 0 0 0 0 0 0 0 0 0 0 0
00002796_009.png 0 0 0 0 0 0 0 0 0 0 0 0 0 0
00002797_000.png 0 0 0 0 0 0 0 0 0 0 0 0 0 0
00002800_000.png 0 0 0 0 0 0 0 0 0 0 0 0 0 0
00002800_002.png 0 0 0 0 0 0 0 0 0 0 0 0 0 0
00002802_007.png 0 0 0 0 0 0 0 0 0 0 0 0 0 0
00002813_000.png 0 0 0 0 0 0 0 0 0 0 0 0 0 0
00002813_003.png 0 0 0 0 0 0 0 0 0 0 0 0 0 0
00002815_002.png 0 0 0 0 0 0 0 0 0 0 0 0 0 0
00002816_002.png 0 0 0 0 0 0 0 0 0 0 0 0 0 0
00002817_010.png 0 0 0 0 0 0 0 0 0 0 0 0 0 0
00002825_006.png 0 0 0 0 0 0 0 0 0 0 0 0 0 0
00002827_002.png 0 0 0 0 0 0 0 0 0 0 0 0 0 0
00002828_000.png 0 0 0 0 0 0 0 0 0 0 0 0 0 0
00002839_002.png 0 0 0 0 0 0 0 0 0 0 0 0 0 0
00002839_006.png 0 0 0 0 0 0 0 0 0 0 0 0 0 0
00002840_002.png 0 0 0 0 0 0 0 0 0 0 0 0 0 0
00002842_003.png 0 0 0 0 0 0 0 0 0 0 0 0 0 0
00002843_000.png 0 0 0 0 0 0 0 0 0 0 0 0 0 0
00002843_002.png 0 0 0 0 0 0 0 0 0 0 0 0 0 0
00002845_000.png 0 0 0 0 0 0 0 0 0 0 0 0 0 0
00002846_006.png 0 0 0 0 0 0 0 0 0 0 0 0 0 0
00002846_013.png 0 0 1 1 0 0 1 0 1 0 0 0 0 0
00002852_000.png 0 0 0 0 0 0 0 0 0 0 0 0 0 0
00002858_002.png 0 0 0 0 0 0 0 0 0 0 0 0 0 0
00002858_004.png 0 0 0 0 0 0 0 0 0 0 0 0 0 0
00002860_019.png 0 0 0 0 0 0 0 0 0 0 0 0 0 0
00002866_002.png 0 0 0 0 0 0 0 0 0 0 0 0 0 0
00002866_004.png 0 0 0 0 0 0 0 0 0 0 0 0 0 0
00002868_002.png 0 0 0 0 0 0 0 0 0 0 0 0 0 0
00002868_007.png 0 0 0 0 0 0 0 0 0 0 0 0 0 0
00002875_001.png 0 0 0 0 0 0 0 0 0 0 0 0 0 0
00002877_000.png 0 0 0 0 0 0 0 0 0 0 0 0 0 0
00002878_015.png 0 0 0 0 0 0 0 0 0 0 0 0 0 0
00002878_017.png 0 0 0 0 0 0 0 0 0 0 0 0 0 0
00002883_000.png 0 0 0 0 0 0 0 0 0 0 0 0 0 0
00002883_002.png 0 0 0 0 0 0 0 0 0 0 0 0 0 0
00002888_000.png 0 0 0 0 0 0 0 0 0 0 0 0 0 0
00002891_002.png 0 0 0 0 0 0 0 0 0 0 0 0 0 0
00002892_001.png 0 0 0 0 0 0 0 0 0 0 0 0 0 0
00002892_004.png 0 0 0 0 0 0 0 0 0 0 0 0 0 0
00002892_010.png 0 0 0 0 0 0 0 0 0 0 0 0 0 0
00002896_000.png 0 0 0 0 0 0 0 0 0 0 0 0 0 0
00002898_000.png 0 0 0 0 0 0 0 0 0 0 0 0 0 0
00002899_000.png 0 0 0 0 0 0 0 0 0 0 0 0 0 0
00002900_000.png 0 0 0 0 0 0 0 0 0 0 0 0 0 0
00002900_001.png 0 0 0 0 0 0 0 0 0 0 0 0 0 0
00002903_001.png 0 0 0 0 0 0 0 0 0 0 0 0 0 0
00002907_000.png 0 0 0 0 0 0 0 0 0 0 0 0 0 0
00002912_000.png 0 0 0 0 0 0 0 0 0 0 0 0 0 0
00002913_000.png 0 0 0 0 0 0 0 0 0 0 0 0 0 0
00002933_002.png 0 0 0 0 0 0 0 0 0 0 0 0 0 0
00002935_001.png 0 0 0 0 0 0 0 0 0 0 0 0 0 0
00002939_001.png 0 0 0 0 0 0 0 0 0 0 0 0 0 0
00002942_001.png 0 0 0 0 0 0 0 0 0 0 0 0 0 0
00002944_000.png 0 0 0 0 0 0 0 0 0 0 0 0 0 0
00002949_000.png 0 0 0 0 0 0 0 0 0 0 0 0 0 0
00002950_000.png 0 0 0 0 0 0 0 0 0 0 0 0 0 0
00002950_001.png 0 0 0 0 0 0 0 0 0 0 0 0 0 0
00002952_003.png 0 0 0 0 0 0 0 0 0 0 0 0 0 0
00002954_001.png 0 0 0 0 0 0 0 0 0 0 0 0 0 0
00002954_004.png 0 0 0 0 0 0 0 0 0 0 0 0 0 0
00002956_000.png 0 0 0 0 0 0 0 0 0 0 0 0 0 0
00002957_002.png 0 0 0 0 0 0 0 0 0 0 0 0 0 0
00002958_002.png 0 0 0 0 0 0 0 0 0 0 0 0 0 0
00002969_000.png 0 0 0 0 0 0 0 0 0 0 0 0 0 0
00002971_000.png 0 0 0 0 0 0 0 0 0 0 0 0 0 0
00002973_000.png 0 0 0 0 0 0 0 0 0 0 0 0 0 0
00002975_000.png 0 0 0 0 0 0 0 0 0 0 0 0 0 0
00002978_000.png 0 0 0 0 0 0 0 0 0 0 0 0 0 0
00002978_001.png 0 0 0 0 0 0 0 0 0 0 0 0 0 0
00002984_000.png 0 0 0 0 0 0 0 0 0 0 0 0 0 0
00002986_001.png 0 0 0 0 0 0 0 0 0 0 0 0 0 0
00002986_002.png 0 0 0 0 0 0 0 0 0 0 0 0 0 0
00002993_002.png 0 0 0 1 0 0 1 0 0 0 0 0 0 0
00002994_000.png 0 0 0 0 0 0 0 0 0 0 0 0 0 0
00003002_012.png 0 0 0 0 0 0 0 0 0 0 0 0 0 0
00003002_019.png 0 0 0 0 0 0 0 0 0 0 0 0 0 0
00003005_009.png 0 0 0 0 0 0 0 0 0 0 0 0 0 0
00003005_011.png 0 0 0 0 0 0 0 0 0 0 0 0 0 0
00003006_000.png 0 0 0 0 0 0 0 0 0 0 0 0 0 0
00003009_002.png 0 0 0 0 0 0 0 0 0 0 0 0 0 0
00003012_000.png 0 0 0 0 0 0 0 0 0 0 0 0 0 0
00003013_003.png 0 0 0 0 0 0 0 0 0 0 0 0 0 0
00003013_008.png 0 0 0 0 0 0 0 0 0 0 0 0 0 0
00003013_010.png 0 0 0 0 0 0 0 0 0 0 0 0 0 0
00003013_012.png 0 0 0 0 0 0 0 0 0 0 0 0 0 0
00003028_000.png 0 0 0 0 0 0 0 0 0 0 0 0 0 0
00003028_003.png 0 0 0 0 0 0 0 0 0 0 0 0 0 0
00003028_032.png 0 0 0 0 0 0 0 0 0 0 0 0 0 0
00003028_033.png 0 0 0 0 0 0 0 0 0 0 0 0 0 0
00003028_035.png 0 0 0 0 0 0 0 0 0 0 0 0 0 0
00003028_039.png 0 0 0 0 0 0 0 0 0 0 0 0 0 0
00003028_050.png 0 0 0 0 0 0 1 0 0 1 0 0 0 0
00003028_052.png 0 0 0 0 0 0 0 0 0 0 0 0 0 0
00003028_057.png 0 0 0 0 0 0 0 0 0 0 0 0 0 0
00003028_066.png 0 0 0 0 0 0 0 0 0 0 0 0 0 0
00003029_011.png 0 0 0 0 0 0 0 0 0 0 0 0 0 0
00003029_015.png 0 0 0 0 0 0 0 0 0 0 0 0 0 0
00003029_019.png 0 0 0 0 0 0 0 0 0 0 0 0 0 0
00003029_020.png 0 0 0 0 0 0 0 0 0 0 0 0 0 0
00003031_001.png 0 0 0 0 0 0 0 0 0 0 0 0 0 0
00003032_000.png 0 0 0 0 0 0 0 0 0 0 0 0 0 0
00003037_000.png 0 0 0 0 0 0 0 0 0 0 0 0 0 0
00003038_000.png 0 0 0 0 0 0 0 0 0 0 0 0 0 0
00003043_000.png 0 0 0 0 0 0 0 0 0 0 0 0 0 0
00003053_007.png 0 0 0 0 0 0 1 0 0 0 0 0 0 0
00003056_002.png 0 0 0 0 0 0 0 0 0 0 0 0 0 0
00003058_003.png 0 0 0 0 0 0 0 0 0 0 0 0 0 0
00003062_016.png 0 0 0 0 0 0 0 0 0 0 0 0 0 0
00003064_010.png 0 0 0 0 0 0 0 0 0 0 0 0 0 0
00003064_014.png 0 0 0 0 0 0 0 0 0 0 0 0 0 0
00003064_026.png 0 0 0 0 0 0 1 0 0 0 0 0 0 0
00003064_051.png 0 0 0 0 0 0 0 0 0 0 0 0 0 0
00003068_001.png 0 0 0 0 0 0 0 0 0 0 0 0 0 0
00003086_000.png 0 0 0 0 0 0 0 0 0 0 0 0 0 0
00003086_005.png 0 0 0 0 0 0 0 0 0 0 0 0 0 0
00003091_001.png 0 0 0 0 0 0 0 0 0 0 0 0 0 0
00003092_000.png 0 0 0 0 0 0 1 0 0 0 0 0 0 0
00003095_001.png 1 0 0 0 0 0 1 0 0 0 0 0 0 0
00003098_010.png 0 0 0 0 0 0 0 0 0 0 0 0 0 0
00003098_011.png 0 0 0 0 0 0 0 0 0 0 0 0 0 0
00003100_003.png 0 0 0 0 0 0 0 0 0 0 0 0 0 0
00003100_005.png 0 0 0 0 0 0 0 0 0 0 0 0 0 0
00003101_002.png 0 0 0 0 0 0 0 0 0 0 0 0 0 0
00003109_003.png 0 0 0 0 0 0 0 0 0 0 0 0 0 0
00003109_010.png 0 0 0 0 0 0 0 0 0 0 0 0 0 0
00003109_011.png 0 0 0 0 0 0 0 0 0 0 0 0 0 0
00003110_000.png 0 0 0 0 0 0 0 0 0 0 0 0 0 0
00003111_001.png 0 0 0 0 0 0 0 0 0 0 0 0 0 0
00003113_000.png 0 0 0 0 0 0 0 0 0 0 0 0 0 0
00003114_000.png 0 0 0 0 0 0 0 0 0 0 0 0 0 0
00003116_000.png 0 0 0 0 0 0 0 0 0 0 0 0 0 0
00003118_000.png 0 0 0 0 0 0 0 0 0 0 0 0 0 0
00003120_000.png 0 0 0 0 0 0 0 0 0 0 0 0 0 0
00003122_004.png 0 0 0 0 0 0 0 0 0 0 0 0 0 0
00003122_017.png 0 0 0 0 0 0 0 0 0 0 0 0 0 0
00003126_003.png 0 0 0 0 0 0 0 0 0 0 0 0 0 0
00003126_004.png 0 0 0 0 0 0 0 0 0 0 0 0 0 0
00003128_000.png 0 0 0 0 0 0 0 0 0 0 0 0 0 0
00003130_008.png 0 0 0 0 0 0 0 0 0 0 0 0 0 0
00003132_000.png 0 0 0 0 0 0 0 0 0 0 0 0 0 0
00003133_001.png 0 0 0 0 0 0 0 0 0 0 0 0 0 0
00003139_002.png 0 0 0 0 0 0 0 0 0 0 0 0 0 0
00003140_002.png 0 0 0 0 0 0 0 0 0 0 0 0 0 0
00003140_003.png 0 0 0 0 0 0 0 0 0 0 0 0 0 0
00003140_006.png 0 0 0 0 0 0 0 0 0 0 0 0 0 0
00003140_008.png 0 0 0 0 0 0 0 0 0 0 0 0 0 0
00003140_013.png 0 0 0 0 0 0 0 0 0 0 0 0 0 0
00003148_002.png 0 0 0 0 0 0 0 0 0 0 0 0 0 0
00003148_006.png 0 0 0 0 0 0 0 0 0 0 0 0 0 0
00003161_003.png 0 0 0 0 0 0 0 0 0 0 0 0 0 0
00003162_001.png 0 0 0 0 0 0 0 0 0 0 0 0 0 0
00003163_000.png 0 0 0 0 0 0 0 0 0 0 0 0 0 0
00003164_000.png 0 0 0 0 0 0 0 0 0 0 0 0 0 0
00003167_000.png 0 0 0 0 0 0 0 0 0 0 0 0 0 0
00003169_001.png 0 0 0 0 0 0 0 0 0 0 0 0 0 0
00003174_001.png 0 0 0 0 0 0 0 0 0 0 0 0 0 0
00003174_014.png 0 0 0 0 0 0 0 0 0 0 0 0 0 0
00003175_002.png 0 0 0 0 0 0 0 0 0 0 0 0 0 0
00003179_000.png 0 0 0 0 0 0 0 0 0 0 0 0 0 0
00003179_009.png 0 0 0 0 0 0 0 0 0 0 0 0 0 0
00003190_013.png 0 0 0 0 0 0 0 0 0 0 0 0 0 0
00003190_018.png 0 0 0 0 0 0 0 0 0 0 0 0 0 0
00003193_001.png 0 0 0 0 0 0 0 0 0 0 0 0 0 0
00003194_004.png 0 0 0 0 0 0 0 0 0 0 0 0 0 0
00003196_000.png 0 0 0 0 0 0 0 0 0 0 0 0 0 0
00003198_000.png 0 0 0 0 0 0 0 0 0 0 0 0 0 0
00003198_001.png 0 0 0 0 0 0 0 0 0 0 0 0 0 0
00003201_000.png 0 0 0 0 0 0 0 0 0 0 0 0 0 0
00003201_001.png 0 0 0 0 0 0 0 0 0 0 0 0 0 0
00003207_001.png 0 0 0 0 0 0 0 0 0 0 0 0 0 0
00003211_000.png 0 0 0 0 0 0 1 0 0 0 0 0 0 0
00003212_003.png 0 0 0 0 0 0 0 0 0 0 0 0 0 0
00003213_001.png 0 0 0 0 0 0 0 0 0 0 0 0 0 0
00003213_002.png 0 0 0 0 0 0 0 0 0 0 0 0 0 0
00003214_002.png 0 0 0 0 0 0 0 0 0 0 0 0 0 0
00003215_001.png 0 0 0 0 0 0 0 0 0 0 0 0 0 0
00003217_000.png 0 0 0 0 0 0 0 0 0 0 0 0 0 0
00003219_002.png 0 0 0 0 0 0 0 0 0 0 0 0 0 0
00003221_011.png 0 0 0 0 0 0 0 0 0 0 0 0 0 0
00003223_000.png 0 0 0 0 0 0 0 0 0 0 0 0 0 0
00003226_003.png 0 0 0 0 0 0 0 0 0 0 0 0 0 0
00003228_004.png 0 0 0 0 0 0 0 0 0 0 0 0 0 0
00003230_006.png 0 0 0 0 0 0 0 0 0 0 0 0 0 0
00003230_007.png 0 0 0 0 0 0 0 0 0 0 0 0 0 0
00003239_001.png 0 0 0 0 0 0 0 0 0 0 0 0 0 0
00003247_004.png 0 0 0 0 0 0 0 0 0 0 0 0 0 0
00003248_002.png 0 0 0 0 0 0 0 0 0 0 0 0 0 0
00003248_007.png 0 0 0 0 0 0 1 0 0 0 0 0 0 0
00003249_001.png 0 0 0 0 0 0 0 0 0 0 0 0 0 0
00003249_004.png 0 0 0 0 0 0 0 0 0 0 0 0 0 0
00003255_000.png 0 0 0 0 0 0 0 0 0 0 0 0 0 0
00003267_002.png 0 0 0 0 0 0 0 0 0 0 0 0 0 0
00003269_010.png 0 0 0 1 0 0 1 0 0 0 0 0 0 0
00003270_000.png 0 0 0 0 0 0 0 0 0 0 0 0 0 0
00003275_003.png 0 0 0 0 0 0 0 0 0 0 0 0 0 0
00003276_000.png 0 0 0 0 0 0 0 0 0 0 0 0 0 0
00003276_004.png 0 0 0 0 0 0 0 0 0 0 0 0 0 0
00003276_005.png 0 0 0 0 0 0 0 0 0 0 0 0 0 0
00003276_007.png 0 0 0 0 0 0 0 0 0 0 0 0 0 0
00003288_000.png 0 0 0 0 0 0 0 0 0 0 0 0 0 0
00003289_002.png 0 0 0 0 0 0 0 0 0 0 0 0 0 0
00003292_013.png 0 0 0 0 0 0 0 0 0 0 0 0 0 0
00003295_000.png 0 0 0 0 0 0 0 0 0 0 0 0 0 0
00003295_002.png 0 0 0 0 0 0 0 0 0 0 0 0 0 0
00003299_000.png 0 0 0 0 0 0 0 0 0 0 0 0 0 0
00003303_000.png 0 0 0 0 0 0 0 0 0 0 0 0 0 0
00003306_000.png 0 0 0 0 0 0 0 0 0 0 0 0 0 0
00003308_003.png 0 0 0 0 0 0 0 0 0 0 0 0 0 0
00003310_000.png 0 0 0 0 0 0 0 0 0 0 0 0 0 0
00003311_001.png 0 0 0 0 0 0 0 0 0 0 0 0 0 0
00003312_001.png 0 0 0 0 0 0 0 0 0 0 0 0 0 0
00003317_000.png 0 0 0 0 0 0 0 0 0 0 0 0 0 0
00003319_002.png 0 0 0 0 0 0 0 0 0 0 0 0 0 0
00003326_000.png 0 0 0 0 0 0 0 0 0 0 0 0 0 0
00003328_003.png 0 0 0 0 0 0 0 0 0 0 0 0 0 0
00003334_003.png 0 0 0 0 0 0 0 0 0 0 0 0 0 0
00003342_000.png 0 0 0 0 0 0 0 0 0 0 0 0 0 0
00003346_000.png 0 0 0 0 0 0 0 0 0 0 0 0 0 0
00003349_000.png 0 0 0 0 0 0 0 0 0 0 0 0 0 0
00003352_001.png 0 0 0 0 0 0 0 0 0 0 0 0 0 0
00003353_003.png 0 0 0 0 0 0 0 0 0 0 0 0 0 0
00003353_004.png 0 0 0 0 0 0 0 0 0 0 0 0 0 0
00003353_007.png 0 0 0 0 0 0 0 0 0 0 0 0 0 0
00003353_008.png 0 0 0 0 0 0 0 0 0 0 0 0 0 0
00003354_004.png 0 0 0 0 0 0 0 0 0 0 0 0 0 0
00003355_006.png 0 0 0 0 0 0 0 0 0 0 0 0 0 0
00003356_000.png 0 0 0 0 0 0 0 0 0 0 0 0 0 0
00003357_000.png 0 0 0 0 0 0 0 0 0 0 0 0 0 0
00003360_006.png 0 0 0 0 0 0 0 0 0 0 0 0 0 0
00003363_001.png 0 0 0 0 0 0 0 0 0 0 0 0 0 0
00003366_001.png 0 0 0 0 0 0 0 0 0 0 0 0 0 0
00003367_001.png 0 0 0 0 0 0 0 0 0 0 0 0 0 0
00003367_004.png 0 0 0 0 0 0 0 0 0 0 0 0 0 0
00003368_001.png 1 0 0 0 0 0 1 0 0 0 0 0 0 0
00003369_012.png 0 0 1 1 0 0 1 0 0 0 0 0 0 0
00003375_000.png 0 0 0 0 0 0 0 0 0 0 0 0 0 0
00003377_006.png 0 0 0 0 0 0 0 0 0 0 0 0 0 0
00003380_000.png 0 0 0 0 0 0 0 0 0 0 0 0 0 0
00003383_000.png 0 0 0 0 0 0 0 0 0 0 0 0 0 0
00003383_001.png 0 0 0 0 0 0 0 0 0 0 0 0 0 0
00003383_007.png 0 0 0 0 0 0 0 0 0 0 0 0 0 0
00003387_000.png 0 0 0 0 0 0 0 0 0 0 0 0 0 0
00003388_003.png 0 0 0 0 0 0 0 0 0 0 0 0 0 0
00003388_005.png 0 0 0 0 0 0 0 0 0 0 0 0 0 0
00003391_000.png 0 0 0 0 0 0 0 0 0 0 0 0 0 0
00003391_001.png 0 0 1 0 0 0 1 0 0 0 0 0 0 0
00003391_002.png 0 0 1 0 0 0 1 0 0 0 0 0 0 0
00003392_004.png 0 0 0 0 0 0 0 0 0 0 0 0 0 0
00003392_006.png 0 0 0 0 0 0 1 0 0 1 0 0 0 0
00003392_015.png 0 0 0 0 0 0 0 0 0 0 0 0 0 0
00003392_017.png 0 0 0 1 0 0 1 0 0 1 0 0 0 0
00003392_034.png 0 0 0 0 0 0 0 0 0 0 0 0 0 0
00003392_035.png 0 0 0 0 0 0 0 0 0 0 0 0 0 0
00003392_041.png 0 0 0 0 0 0 0 0 0 0 0 0 0 0
00003393_014.png 0 0 0 0 0 0 0 0 0 0 0 0 0 0
00003393_030.png 0 0 0 0 0 0 0 0 0 0 0 0 0 0
00003393_032.png 0 0 0 0 0 0 0 0 0 0 0 0 0 0
00003393_039.png 0 0 0 0 0 0 0 0 0 0 0 0 0 0
00003393_044.png 0 0 0 0 0 0 0 0 0 0 0 0 0 0
00003393_061.png 0 0 0 0 0 0 0 0 0 0 0 0 0 0
00003393_062.png 0 0 0 0 0 0 0 0 0 0 0 0 0 0
00003395_004.png 0 0 0 0 0 0 0 0 0 0 0 0 0 0
00003396_000.png 0 0 0 0 0 0 0 0 0 0 0 0 0 0
00003397_000.png 0 0 0 0 0 0 0 0 0 0 0 0 0 0
00003400_006.png 0 0 0 0 0 0 0 0 0 0 0 0 0 0
00003402_000.png 0 0 0 0 0 0 0 0 0 0 0 0 0 0
00003403_001.png 0 0 0 0 0 0 0 0 0 0 0 0 0 0
00003404_000.png 0 0 0 0 0 0 0 0 0 0 0 0 0 0
00003407_002.png 0 0 0 0 0 0 0 0 0 0 0 0 0 0
00003407_005.png 0 0 0 0 0 0 0 0 0 0 0 0 0 0
00003421_002.png 0 0 0 0 0 0 0 0 0 0 0 0 0 0
00003421_004.png 0 0 0 0 0 0 0 0 0 0 0 0 0 0
00003421_005.png 0 0 0 0 0 0 0 0 0 0 0 0 0 0
00003426_008.png 0 0 0 0 0 0 0 0 0 0 0 0 0 0
00003426_014.png 0 0 0 0 0 0 0 0 0 0 0 0 0 0
00003426_017.png 0 0 0 0 0 0 1 0 0 0 0 0 0 0
00003436_002.png 0 0 0 0 0 0 0 0 0 0 0 0 0 0
00003436_007.png 0 0 0 0 0 0 0 0 0 0 0 0 0 0
00003439_000.png 0 0 0 0 0 0 0 0 0 0 0 0 0 0
00003439_001.png 0 0 0 0 0 0 0 0 0 0 0 0 0 0
00003439_004.png 0 0 0 0 0 0 0 0 0 0 0 0 0 0
00003439_006.png 0 0 0 0 0 0 0 0 0 0 0 0 0 0
00003441_000.png 0 0 0 0 0 0 0 0 0 0 0 0 0 0
00003444_000.png 0 0 0 0 0 0 0 0 0 0 0 0 0 0
00003447_000.png 0 0 0 0 0 0 0 0 0 0 0 0 0 0
00003453_000.png 0 0 0 0 0 0 0 0 0 0 0 0 0 0
00003454_000.png 0 0 0 0 0 0 0 0 0 0 0 0 0 0
00003456_001.png 0 0 0 0 0 0 0 0 0 0 0 0 0 0
00003459_005.png 0 0 0 0 0 0 0 0 0 0 0 0 0 0
00003459_009.png 0 0 0 0 0 0 0 0 0 0 0 0 0 0
00003459_020.png 0 0 0 0 0 0 0 0 0 0 0 0 0 0
00003459_021.png 0 0 0 0 0 0 0 0 0 0 0 0 0 0
00003459_023.png 0 0 0 0 0 0 0 0 0 0 0 0 0 0
00003467_000.png 0 0 0 0 0 0 0 0 0 0 0 0 0 0
00003468_004.png 0 0 0 0 0 0 0 0 0 0 0 0 0 0
00003468_010.png 0 0 0 0 0 0 0 0 0 0 0 0 0 0
00003469_000.png 0 0 0 0 0 0 0 0 0 0 0 0 0 0
00003473_000.png 0 0 0 0 0 0 0 0 0 0 0 0 0 0
00003476_000.png 0 0 0 0 0 0 0 0 0 0 0 0 0 0
00003478_010.png 0 0 0 0 0 0 0 0 0 0 0 0 0 0
00003479_000.png 0 0 0 0 0 0 0 0 0 0 0 0 0 0
00003484_000.png 0 0 0 0 0 0 0 0 0 0 0 0 0 0
00003486_000.png 0 0 0 0 0 0 0 0 0 0 0 0 0 0
00003488_002.png 0 0 0 0 0 0 0 0 0 0 0 0 0 0
00003489_002.png 0 0 0 0 0 0 0 0 0 0 0 0 0 0
00003489_009.png 0 0 0 0 0 0 0 0 0 0 0 0 0 0
00003490_000.png 0 0 0 0 0 0 0 0 0 0 0 0 0 0
00003490_012.png 0 0 0 0 0 0 0 0 0 0 0 0 0 0
00003490_013.png 0 0 0 0 0 0 0 0 0 0 0 0 0 0
00003491_001.png 0 0 0 0 0 0 0 0 0 0 0 0 0 0
00003492_002.png 0 0 0 0 0 0 0 0 0 0 0 0 0 0
00003494_003.png 0 0 0 0 0 0 0 0 0 0 0 0 0 0
00003499_003.png 0 0 0 0 0 0 0 0 0 0 0 0 0 0
00003502_000.png 0 0 0 0 0 0 0 0 0 0 0 0 0 0
00003510_007.png 0 0 0 0 0 0 0 0 0 0 0 0 0 0
00003510_008.png 0 0 0 0 0 0 1 0 0 0 0 0 0 0
00003510_009.png 0 0 0 0 0 0 1 0 0 0 0 0 0 0
00003510_010.png 0 0 0 0 0 0 1 0 0 0 0 0 0 0
00003513_003.png 0 0 0 0 0 0 0 0 0 0 0 0 0 0
00003517_000.png 0 0 0 0 0 0 0 0 0 0 0 0 0 0
00003519_004.png 0 0 0 0 0 0 0 0 0 0 0 0 0 0
00003523_004.png 0 0 0 0 0 0 0 0 0 0 0 0 0 0
00003523_005.png 0 0 0 0 0 0 0 0 0 0 0 0 0 0
00003523_011.png 0 0 0 0 0 0 1 0 0 0 0 0 0 0
00003523_013.png 0 0 0 1 0 0 1 0 0 0 0 0 0 0
00003523_015.png 0 0 0 1 0 0 1 0 0 0 0 0 0 0
00003523_023.png 0 0 0 1 0 0 1 0 0 0 0 0 0 0
00003527_002.png 1 0 0 0 0 0 1 0 0 0 0 0 0 0
00003527_004.png 0 0 0 0 0 0 0 0 0 0 0 0 0 0
00003527_013.png 0 0 0 0 0 0 0 0 0 0 0 0 0 0
00003528_000.png 0 0 0 0 0 0 0 0 0 0 0 0 0 0
00003528_017.png 0 0 0 1 0 0 1 0 0 1 0 0 0 0
00003528_024.png 1 0 0 0 0 0 1 0 0 0 0 0 0 0
00003528_026.png 0 0 0 0 0 0 0 0 0 0 0 0 0 0
00003528_037.png 0 0 0 1 0 0 1 0 0 0 0 0 0 0
00003528_043.png 0 0 0 0 0 0 1 0 0 0 0 0 0 0
00003528_053.png 0 0 0 0 0 0 0 0 0 0 0 0 0 0
00003528_054.png 0 0 0 0 0 0 0 0 0 0 0 0 0 0
00003528_060.png 0 0 0 0 0 0 0 0 0 0 0 0 0 0
00003528_062.png 0 0 0 0 0 0 0 0 0 0 0 0 0 0
00003529_001.png 0 0 0 0 0 0 0 0 0 0 0 0 0 0
00003534_000.png 0 0 0 0 0 0 0 0 0 0 0 0 0 0
00003534_001.png 0 0 0 0 0 0 0 0 0 0 0 0 0 0
00003534_010.png 0 0 0 0 0 0 0 0 0 0 0 0 0 0
00003534_019.png 0 0 0 0 0 0 0 0 0 0 0 0 0 0
00003534_020.png 0 0 0 0 0 0 0 0 0 0 0 0 0 0
00003534_022.png 0 0 0 0 0 0 0 0 0 0 0 0 0 0
00003534_024.png 0 0 0 0 0 0 0 0 0 0 0 0 0 0
00003535_021.png 0 0 0 0 0 0 0 0 0 0 0 0 0 0
00003535_025.png 0 0 0 0 0 0 1 0 0 0 0 0 0 0
00003548_006.png 0 0 0 0 0 0 0 0 0 0 0 0 0 0
00003557_000.png 0 0 0 0 0 0 0 0 0 0 0 0 0 0
00003563_001.png 0 0 0 0 0 0 0 0 0 0 0 0 0 0
00003564_000.png 0 0 0 0 0 0 0 0 0 0 0 0 0 0
00003565_000.png 0 0 0 0 0 0 0 0 0 0 0 0 0 0
00003566_005.png 0 0 0 0 0 0 0 0 0 0 0 0 0 0
00003568_003.png 0 0 0 0 0 0 0 0 0 0 0 0 0 0
00003569_007.png 0 0 0 0 0 0 0 0 0 0 0 0 0 0
00003574_002.png 0 0 0 0 0 0 0 0 0 0 0 0 0 0
00003574_003.png 0 0 0 0 0 0 0 0 0 0 0 0 0 0
00003575_000.png 0 0 0 0 0 0 0 0 0 0 0 0 0 0
00003577_001.png 1 0 0 0 0 0 1 0 0 0 0 0 0 0
00003580_002.png 0 0 0 0 0 0 0 0 0 0 0 0 0 0
00003585_000.png 1 0 0 0 0 1 1 0 0 0 0 0 0 0
00003585_001.png 0 0 0 0 0 0 0 0 0 0 0 0 0 0
00003593_005.png 0 0 1 0 0 0 1 0 0 0 0 0 0 0
00003593_006.png 0 0 1 0 0 0 1 0 0 0 0 0 0 0
00003601_004.png 0 0 0 0 0 0 0 0 0 0 0 0 0 0
00003601_010.png 0 0 0 0 0 0 0 0 0 0 0 0 0 0
00003610_000.png 0 0 0 0 0 0 0 0 0 0 0 0 0 0
00003610_006.png 0 0 0 0 0 0 0 0 0 0 0 0 0 0
00003610_011.png 0 0 0 0 0 0 0 0 0 0 0 0 0 0
00003610_019.png 0 0 0 0 0 0 0 0 0 0 0 0 0 0
00003615_000.png 0 0 0 0 0 0 0 0 0 0 0 0 0 0
00003616_000.png 0 0 0 0 0 0 0 0 0 0 0 0 0 0
00003628_002.png 0 0 0 0 0 0 0 0 0 0 0 0 0 0
00003629_000.png 0 0 0 0 0 0 0 0 0 0 0 0 0 0
00003630_000.png 0 0 0 0 0 0 0 0 0 0 0 0 0 0
00003634_002.png 0 0 0 0 0 0 0 0 0 0 0 0 0 0
00003637_000.png 0 0 0 0 0 0 0 0 0 0 0 0 0 0
00003637_003.png 0 0 0 0 0 0 0 0 0 0 0 0 0 0
00003639_000.png 0 0 0 0 0 0 0 0 0 0 0 0 0 0
00003640_004.png 0 0 0 0 0 0 1 0 0 0 0 0 0 0
00003646_000.png 0 0 0 0 0 0 0 0 0 0 0 0 0 0
00003648_002.png 0 0 0 0 0 0 0 0 0 0 0 0 0 0
00003649_003.png 0 0 1 1 0 0 1 0 0 0 0 0 1 0
00003655_000.png 0 0 0 0 0 0 0 0 0 0 0 0 0 0
00003658_001.png 0 0 0 0 0 0 0 0 0 0 0 0 0 0
00003658_004.png 0 0 0 0 0 0 0 0 0 0 0 0 0 0
00003659_003.png 0 0 0 0 0 0 0 0 0 0 0 0 0 0
00003659_011.png 0 0 0 0 0 0 0 0 0 0 0 0 0 0
00003662_004.png 0 0 0 0 0 0 0 0 0 0 0 0 0 0
00003662_009.png 0 0 0 0 0 0 0 0 0 0 0 0 0 0
00003665_005.png 0 0 0 0 0 0 0 0 0 0 0 0 0 0
00003665_011.png 0 0 0 0 0 0 0 0 0 0 0 0 0 0
00003666_000.png 0 0 0 0 0 0 0 0 0 0 0 0 0 0
00003667_000.png 0 0 0 0 0 0 0 0 0 0 0 0 0 0
00003668_000.png 0 0 0 0 0 0 0 0 0 0 0 0 0 0
00003670_001.png 0 0 0 0 0 0 0 0 0 0 0 0 0 0
00003672_001.png 0 0 0 0 0 0 0 0 0 0 0 0 0 0
00003673_000.png 0 0 0 0 0 0 0 0 0 0 0 0 0 0
00003680_000.png 0 0 0 0 0 0 0 0 0 0 0 0 0 0
00003684_000.png 0 0 0 0 0 0 0 0 0 0 0 0 0 0
00003684_001.png 0 0 0 0 0 0 0 0 0 0 0 0 0 0
00003689_005.png 0 0 0 0 0 0 0 0 0 0 0 0 0 0
00003689_008.png 0 0 0 0 0 0 0 0 0 0 0 0 0 0
00003690_002.png 0 0 0 0 0 0 0 0 0 0 0 0 0 0
00003690_003.png 0 0 0 0 0 0 0 0 0 0 0 0 0 0
00003690_004.png 0 0 0 0 0 0 0 0 0 0 0 0 0 0
00003693_004.png 0 0 0 0 0 0 0 0 0 0 0 0 0 0
00003699_000.png 0 0 0 1 0 0 1 0 0 1 0 0 0 0
00003701_000.png 0 0 0 0 0 0 0 0 0 0 0 0 0 0
00003708_000.png 0 0 0 0 0 0 0 0 0 0 0 0 0 0
00003709_001.png 0 0 0 0 0 0 0 0 0 0 0 0 0 0
00003717_001.png 0 0 0 0 0 0 0 0 0 0 0 0 0 0
00003719_000.png 0 0 0 0 0 0 0 0 0 0 0 0 0 0
00003722_000.png 0 0 0 0 0 0 0 0 0 0 0 0 0 0
00003722_001.png 0 0 0 0 0 0 0 0 0 0 0 0 0 0
00003722_003.png 0 0 0 0 0 0 0 0 0 0 0 0 0 0
00003722_022.png 0 0 0 0 0 0 0 0 0 0 0 0 0 0
00003723_000.png 0 0 0 0 0 0 0 0 0 0 0 0 0 0
00003726_000.png 0 0 0 0 0 0 0 0 0 0 0 0 0 0
00003735_000.png 0 0 0 0 0 0 0 0 0 0 0 0 0 0
00003741_006.png 0 0 0 0 0 0 0 0 0 0 0 0 0 0
00003748_000.png 0 0 0 0 0 0 0 0 0 0 0 0 0 0
00003752_001.png 0 0 0 0 0 0 0 0 0 0 0 0 0 0
00003755_001.png 0 0 0 0 0 0 0 0 0 0 0 0 0 0
00003755_002.png 0 0 0 0 0 0 0 0 0 0 0 0 0 0
00003768_003.png 0 0 0 0 0 0 0 0 0 0 0 0 0 0
00003770_001.png 0 0 0 0 0 0 0 0 0 0 0 0 0 0
00003771_000.png 0 0 0 0 0 0 0 0 0 0 0 0 0 0
00003771_001.png 0 0 0 0 0 0 0 0 0 0 0 0 0 0
00003771_005.png 0 0 0 0 0 0 0 0 0 0 0 0 0 0
00003779_002.png 0 0 0 0 0 0 0 0 0 0 0 0 0 0
00003780_001.png 0 0 0 0 0 0 0 0 0 0 0 0 0 0
00003785_003.png 0 0 0 0 0 0 0 0 0 0 0 0 0 0
00003785_006.png 0 0 0 0 0 0 0 0 0 0 0 0 0 0
00003787_000.png 0 0 0 0 0 0 0 0 0 0 0 0 0 0
00003789_000.png 0 0 0 0 0 1 1 0 0 0 0 0 0 0
00003791_002.png 0 0 0 0 0 0 0 0 0 0 0 0 0 0
00003793_000.png 0 0 0 0 0 0 0 0 0 0 0 0 0 0
00003795_000.png 0 0 0 0 0 0 0 0 0 0 0 0 0 0
00003797_000.png 0 0 0 0 0 0 0 0 0 0 0 0 0 0
00003799_003.png 0 0 0 0 0 0 0 0 0 0 0 0 0 0
00003804_004.png 0 0 0 0 0 0 0 0 0 0 0 0 0 0
00003804_005.png 0 0 0 0 0 0 0 0 0 0 0 0 0 0
00003804_009.png 0 0 0 0 0 0 0 0 0 0 0 0 0 0
00003804_012.png 0 0 0 0 0 0 0 0 0 0 0 0 0 0
00003805_007.png 0 0 0 0 0 0 0 0 0 0 0 0 0 0
00003806_000.png 0 0 0 0 0 0 0 0 0 0 0 0 0 0
00003809_000.png 0 0 0 0 0 0 0 0 0 0 0 0 0 0
00003816_000.png 0 0 0 0 0 0 0 0 0 0 0 0 0 0
00003818_000.png 0 0 0 0 0 0 0 0 0 0 0 0 0 0
00003819_000.png 0 0 0 0 0 0 0 0 0 0 0 0 0 0
00003837_003.png 0 0 0 0 0 0 0 0 0 0 0 0 0 0
00003837_008.png 0 0 0 0 0 0 0 0 0 0 0 0 0 0
00003841_011.png 0 0 0 0 0 0 0 0 0 0 0 0 0 0
00003847_000.png 0 0 0 0 0 0 0 0 0 0 0 0 0 0
00003847_011.png 0 0 0 0 0 0 0 0 0 0 0 0 0 0
00003848_000.png 0 0 0 0 0 0 0 0 0 0 0 0 0 0
00003853_000.png 0 0 0 0 0 0 0 0 0 0 0 0 0 0
00003858_000.png 0 0 0 0 0 0 0 0 0 0 0 0 0 0
00003863_013.png 0 0 0 0 0 0 0 0 0 0 0 0 0 0
00003867_003.png 0 0 0 0 0 0 0 0 0 0 0 0 0 0
00003867_006.png 0 0 0 0 0 0 0 0 0 0 0 0 0 0
00003871_000.png 0 0 0 0 0 0 0 0 0 0 0 0 0 0
00003876_001.png 0 0 0 0 0 0 0 0 0 0 0 0 0 0
00003876_004.png 0 0 0 0 0 0 0 0 0 0 0 0 0 0
00003879_002.png 0 0 0 0 0 0 0 0 0 0 0 0 0 0
00003882_004.png 0 0 0 0 0 0 0 0 0 0 0 0 0 0
00003883_000.png 0 0 0 0 0 0 0 0 0 0 0 0 0 0
00003887_003.png 0 0 0 0 0 0 0 0 0 0 0 0 0 0
00003890_000.png 0 0 0 0 0 0 0 0 0 0 0 0 0 0
00003890_004.png 0 0 0 0 0 0 0 0 0 0 0 0 0 0
00003893_003.png 0 0 0 0 0 0 0 0 0 0 0 0 0 0
00003896_000.png 0 0 0 0 0 0 0 0 0 0 0 0 0 0
00003898_001.png 0 0 0 0 0 0 0 0 0 0 0 0 0 0
00003900_000.png 0 0 0 0 0 0 0 0 0 0 0 0 0 0
00003902_001.png 0 0 0 0 0 0 0 0 0 0 0 0 0 0
00003906_000.png 0 0 0 0 0 0 0 0 0 0 0 0 0 0
00003907_000.png 0 0 0 0 0 0 0 0 0 0 0 0 0 0
00003909_000.png 0 0 0 0 0 0 1 0 0 1 0 0 0 0
00003912_005.png 0 0 0 0 0 0 0 0 0 0 0 0 0 0
00003914_001.png 0 0 0 0 0 0 0 0 0 0 0 0 0 0
00003917_000.png 0 0 0 0 0 0 0 0 0 0 0 0 0 0
00003923_001.png 0 0 0 0 0 0 0 0 0 0 0 0 0 0
00003923_013.png 0 0 0 0 0 0 0 0 0 0 0 0 0 0
00003923_019.png 0 0 0 0 0 0 0 0 0 0 0 0 0 0
00003925_000.png 0 0 0 0 0 0 0 0 0 0 0 0 0 0
00003931_000.png 0 0 0 0 0 0 0 0 0 0 0 0 0 0
00003932_002.png 0 0 0 0 0 0 0 0 0 0 0 0 0 0
00003934_000.png 0 0 0 0 0 0 0 0 0 0 0 0 0 0
00003936_000.png 0 0 0 0 0 0 0 0 0 0 0 0 0 0
00003941_000.png 0 0 0 0 0 0 0 0 0 0 0 0 0 0
00003943_000.png 0 0 0 0 0 0 0 0 0 0 0 0 0 0
00003947_000.png 0 0 0 0 0 0 0 0 0 0 0 0 0 0
00003949_000.png 0 0 0 0 0 0 0 0 0 0 0 0 0 0
00003950_002.png 0 0 0 0 0 0 1 0 0 0 0 0 0 0
00003956_000.png 0 0 0 0 0 0 0 0 0 0 0 0 0 0
00003957_001.png 0 0 0 0 0 0 0 0 0 0 0 0 0 0
00003959_000.png 0 0 0 0 0 0 0 0 0 0 0 0 0 0
00003959_002.png 0 0 0 0 0 0 0 0 0 0 0 0 0 0
00003961_000.png 0 0 0 0 0 0 0 0 0 0 0 0 0 0
00003962_000.png 0 0 0 0 0 0 0 0 0 0 0 0 0 0
00003962_001.png 0 0 0 0 0 0 0 0 0 0 0 0 0 0
00003965_000.png 0 0 0 0 0 0 0 0 0 0 0 0 0 0
00003968_000.png 0 0 0 0 0 0 0 0 0 0 0 0 0 0
00003970_001.png 0 0 0 0 0 0 0 0 0 0 0 0 0 0
00003973_007.png 0 0 0 0 0 0 1 0 0 0 0 0 0 0
00003977_002.png 0 0 0 0 0 0 0 0 0 0 0 0 0 0
00003979_000.png 0 0 0 0 0 0 0 0 0 0 0 0 0 0
00003980_002.png 0 0 0 0 0 0 0 0 0 0 0 0 0 0
00003981_016.png 0 0 0 1 0 0 1 0 0 0 0 0 0 0
00003989_007.png 0 0 0 0 0 0 0 0 0 0 0 0 0 0
00003989_008.png 0 0 0 0 0 0 0 0 0 0 0 0 0 0
00003989_017.png 0 0 0 0 0 0 0 0 0 0 0 0 0 0
00003990_009.png 0 0 0 0 0 0 0 0 0 0 0 0 0 0
00003990_016.png 0 0 0 0 0 0 0 0 0 0 0 0 0 0
00003996_000.png 0 0 0 0 0 0 0 0 0 0 0 0 0 0
00003996_013.png 0 0 0 0 0 0 0 0 0 0 0 0 0 0
00003996_014.png 0 0 0 0 0 0 0 0 0 0 0 0 0 0
00003996_017.png 0 0 0 0 0 0 0 0 0 0 0 0 0 0
00003998_000.png 0 0 0 0 0 0 0 0 0 0 0 0 0 0
00004005_000.png 0 0 0 0 0 0 0 0 0 0 0 0 0 0
00004006_003.png 0 0 0 0 0 0 0 0 0 0 0 0 0 0
00004006_022.png 0 0 0 0 0 0 0 0 0 0 0 0 0 0
00004006_033.png 0 0 0 0 0 0 0 0 0 0 0 0 0 0
00004006_038.png 0 0 0 0 0 0 0 0 0 0 0 0 0 0
00004006_043.png 0 0 0 0 0 0 0 0 0 0 0 0 0 0
00004006_049.png 0 0 0 0 0 0 0 0 0 0 0 0 0 0
00004006_050.png 0 0 0 0 0 0 0 0 0 0 0 0 0 0
00004006_051.png 0 0 0 0 0 0 0 0 0 0 0 0 0 0
00004006_061.png 0 0 0 0 0 0 0 0 0 0 0 0 0 0
00004007_001.png 0 0 0 0 0 0 0 0 0 0 0 0 0 0
00004007_029.png 0 0 0 0 0 0 0 0 0 0 0 0 0 0
00004008_000.png 0 0 0 0 0 0 0 0 0 0 0 0 0 0
00004015_000.png 0 0 0 0 0 0 0 0 0 0 0 0 0 0
00004026_000.png 0 0 0 0 0 0 0 0 0 0 0 0 0 0
00004026_001.png 0 0 0 0 0 0 0 0 0 0 0 0 0 0
00004034_004.png 1 0 1 0 0 0 1 1 0 1 0 0 0 0
00004034_005.png 1 0 1 0 0 0 1 1 0 1 0 0 0 0
00004046_000.png 0 0 0 0 0 0 0 0 0 0 0 0 0 0
00004048_009.png 0 0 0 0 0 0 0 0 0 0 0 0 0 0
00004048_015.png 1 0 1 1 0 0 1 0 0 0 0 0 0 0
00004053_001.png 0 0 0 0 0 0 0 0 0 0 0 0 0 0
00004064_001.png 0 0 0 0 0 0 0 0 0 0 0 0 0 0
00004065_002.png 0 0 0 0 0 0 0 0 0 0 0 0 0 0
00004066_003.png 0 0 0 0 0 0 0 0 0 0 0 0 0 0
00004066_004.png 0 0 0 0 0 0 0 0 0 0 0 0 0 0
00004067_000.png 0 0 0 0 0 0 0 0 0 0 0 0 0 0
00004068_000.png 0 0 0 0 0 0 0 0 0 0 0 0 0 0
00004069_003.png 0 0 0 0 0 0 0 0 0 0 0 0 0 0
00004070_000.png 0 0 0 0 0 0 0 0 0 0 0 0 0 0
00004074_000.png 0 0 0 0 1 1 1 0 0 0 0 0 0 0
00004075_000.png 1 0 0 0 0 0 1 0 0 0 0 0 0 0
00004077_000.png 0 0 0 0 0 0 0 0 0 0 0 0 0 0
00004079_001.png 0 0 0 0 0 0 0 0 0 0 0 0 0 0
00004085_002.png 0 0 0 0 0 0 0 0 0 0 0 0 0 0
00004085_003.png 0 0 0 0 0 0 0 0 0 0 0 0 0 0
00004085_008.png 0 0 0 0 0 0 0 0 0 0 0 0 0 0
00004092_000.png 0 0 0 0 0 0 0 0 0 0 0 0 0 0
00004093_002.png 0 0 0 0 0 0 0 0 0 0 0 0 0 0
00004108_000.png 0 0 0 0 0 0 0 0 0 0 0 0 0 0
00004109_002.png 0 0 0 0 0 0 0 0 0 0 0 0 0 0
00004118_001.png 0 0 0 0 0 0 0 0 0 0 0 0 0 0
00004118_002.png 0 0 1 1 0 0 1 0 0 1 0 0 1 0
00004123_000.png 0 0 0 0 0 0 0 0 0 0 0 0 0 0
00004123_008.png 0 0 0 0 0 0 0 0 0 0 0 0 0 0
00004123_010.png 0 0 0 0 0 0 0 0 0 0 0 0 0 0
00004129_000.png 0 0 0 0 0 0 0 0 0 0 0 0 0 0
00004133_000.png 0 0 0 0 0 0 0 0 0 0 0 0 0 0
00004138_000.png 0 0 0 0 0 0 0 0 0 0 0 0 0 0
00004141_000.png 0 0 0 0 0 0 0 0 0 0 0 0 0 0
00004149_001.png 0 0 0 0 0 0 0 0 0 0 0 0 0 0
00004155_001.png 0 0 0 0 0 0 0 0 0 0 0 0 0 0
00004163_002.png 0 0 0 0 0 0 0 0 0 0 0 0 0 0
00004163_006.png 0 0 0 0 0 0 0 0 0 0 0 0 0 0
00004167_000.png 0 0 0 0 0 0 0 0 0 0 0 0 0 0
00004169_002.png 0 0 0 0 0 0 0 0 0 0 0 0 0 0
00004177_000.png 0 0 0 0 0 0 0 0 0 0 0 0 0 0
00004183_000.png 0 0 0 0 0 0 0 0 0 0 0 0 0 0
00004186_000.png 0 0 0 0 0 0 0 0 0 0 0 0 0 0
00004188_003.png 0 0 0 0 0 0 0 0 0 0 0 0 0 0
00004188_013.png 0 0 0 0 0 0 0 0 0 0 0 0 0 0
00004188_015.png 1 0 0 0 0 0 1 0 0 0 0 0 0 0
00004189_000.png 0 0 0 0 0 0 0 0 0 0 0 0 0 0
00004190_000.png 0 0 0 0 0 0 0 0 0 0 0 0 0 0
00004196_000.png 0 0 0 0 0 0 0 0 0 0 0 0 0 0
00004196_005.png 0 0 0 0 0 0 0 0 0 0 0 0 0 0
00004200_000.png 0 0 0 0 0 0 0 0 0 0 0 0 0 0
00004201_000.png 0 0 0 0 0 0 0 0 0 0 0 0 0 0
00004205_003.png 0 0 0 0 0 0 0 0 0 0 0 0 0 0
00004205_006.png 0 0 0 0 0 0 0 0 0 0 0 0 0 0
00004205_012.png 0 0 0 0 0 0 0 0 0 0 0 0 0 0
00004205_015.png 0 0 0 0 0 0 0 0 0 0 0 0 0 0
00004205_016.png 0 0 0 0 0 0 0 0 0 0 0 0 0 0
00004233_001.png 0 0 0 0 0 0 0 0 0 0 0 0 0 0
00004253_000.png 0 0 0 0 0 0 0 0 0 0 0 0 0 0
00004257_001.png 0 0 0 0 0 0 0 0 0 0 0 0 0 0
00004257_002.png 0 0 0 0 0 0 0 0 0 0 0 0 0 0
00004257_003.png 0 0 0 0 0 0 0 0 0 0 0 0 0 0
00004268_002.png 0 0 0 0 0 0 0 0 0 0 0 0 0 0
00004268_008.png 0 0 0 0 0 0 0 0 0 0 0 0 0 0
00004276_000.png 0 0 0 0 0 0 0 0 0 0 0 0 0 0
00004276_002.png 0 0 0 0 0 0 0 0 0 0 0 0 0 0
00004278_001.png 0 0 0 0 0 0 0 0 0 0 0 0 0 0
00004281_002.png 0 0 0 0 0 0 0 0 0 0 0 0 0 0
00004283_003.png 0 0 0 0 0 0 0 0 0 0 0 0 0 0
00004283_005.png 0 0 0 0 0 0 0 0 0 0 0 0 0 0
00004297_000.png 0 0 0 0 0 0 0 0 0 0 0 0 0 0
00004299_002.png 0 0 0 0 0 0 0 0 0 0 0 0 0 0
00004299_008.png 0 0 0 0 0 0 0 0 0 0 0 0 0 0
00004300_000.png 0 0 0 0 0 0 0 0 0 0 0 0 0 0
00004306_001.png 0 0 0 0 0 0 0 0 0 0 0 0 0 0
00004307_000.png 0 0 0 0 0 0 0 0 0 0 0 0 0 0
00004309_004.png 0 0 0 0 0 0 0 0 0 0 0 0 0 0
00004309_007.png 0 0 0 0 0 0 0 0 0 0 0 0 0 0
00004320_000.png 0 0 0 0 0 0 0 0 0 0 0 0 0 0
00004326_000.png 0 0 0 0 0 0 0 0 0 0 0 0 0 0
00004328_005.png 0 0 0 0 0 0 0 0 0 0 0 0 0 0
00004328_006.png 0 0 0 0 0 0 0 0 0 0 0 0 0 0
00004328_007.png 0 0 0 0 0 0 0 0 0 0 0 0 0 0
00004337_000.png 0 0 0 0 0 0 0 0 0 0 0 0 0 0
00004339_000.png 0 0 0 0 0 0 0 0 0 0 0 0 0 0
00004342_010.png 0 0 0 0 0 0 0 0 0 0 0 0 0 0
00004342_014.png 0 0 0 0 0 0 0 0 0 0 0 0 0 0
00004342_022.png 0 0 0 0 0 0 0 0 0 0 0 0 0 0
00004342_024.png 0 0 0 0 0 0 0 0 0 0 0 0 0 0
00004342_031.png 0 0 0 0 0 0 0 0 0 0 0 0 0 0
00004342_038.png 0 0 0 0 0 0 0 0 0 0 0 0 0 0
00004342_041.png 0 0 0 0 0 0 0 0 0 0 0 0 0 0
00004342_054.png 0 1 1 0 0 0 1 0 0 1 0 0 0 0
00004342_056.png 0 0 0 0 0 0 0 0 0 0 0 0 0 0
00004344_002.png 0 0 0 0 0 0 1 0 0 0 0 0 0 0
00004344_012.png 0 0 0 0 0 0 0 0 0 0 0 0 0 0
00004344_035.png 0 0 0 0 0 0 1 0 0 1 0 0 0 0
00004344_036.png 0 1 0 1 0 0 1 0 0 1 0 0 0 0
00004351_001.png 0 0 0 0 0 0 0 0 0 0 0 0 0 0
00004351_003.png 0 0 0 0 0 0 0 0 0 0 0 0 0 0
00004356_000.png 0 0 0 0 0 0 0 0 0 0 0 0 0 0
00004358_000.png 0 0 0 0 0 0 0 0 0 0 0 0 0 0
00004363_004.png 0 0 0 0 0 0 0 0 0 0 0 0 0 0
00004363_007.png 0 0 0 0 0 0 0 0 0 0 0 0 0 0
00004364_000.png 0 0 0 0 0 0 0 0 0 0 0 0 0 0
00004365_000.png 0 0 0 0 0 0 0 0 0 0 0 0 0 0
00004366_003.png 0 0 0 0 0 0 0 0 0 0 0 0 0 0
00004369_000.png 0 0 0 0 0 0 0 0 0 0 0 0 0 0
00004370_000.png 0 0 0 0 0 0 0 0 0 0 0 0 0 0
00004372_000.png 0 0 0 0 0 0 0 0 0 0 0 0 0 0
00004375_000.png 0 0 0 0 0 0 0 0 0 0 0 0 0 0
00004378_003.png 0 0 0 0 0 0 0 0 0 0 0 0 0 0
00004381_036.png 0 0 0 0 0 0 0 0 0 0 0 0 0 0
00004389_000.png 0 0 0 0 0 0 0 0 0 0 0 0 0 0
00004400_000.png 0 0 0 0 0 0 0 0 0 0 0 0 0 0
00004404_002.png 0 0 0 0 0 0 0 0 0 0 0 0 0 0
00004404_003.png 0 0 0 0 0 0 0 0 0 0 0 0 0 0
00004404_009.png 0 0 0 0 0 0 0 0 0 0 0 0 0 0
00004425_003.png 0 0 0 0 0 0 0 0 0 0 0 0 0 0
00004428_004.png 0 0 0 0 0 0 0 0 0 0 0 0 0 0
00004429_000.png 0 0 0 0 0 0 0 0 0 0 0 0 0 0
00004435_014.png 0 0 0 0 0 0 0 0 0 0 0 0 0 0
00004435_018.png 0 0 0 0 0 0 0 0 0 0 0 0 0 0
00004445_000.png 0 0 0 0 0 0 0 0 0 0 0 0 0 0
00004448_001.png 0 0 0 0 0 0 0 0 0 0 0 0 0 0
00004454_000.png 0 0 0 0 0 0 0 0 0 0 0 0 0 0
00004457_000.png 0 0 0 0 0 0 0 0 0 0 0 0 0 0
00004461_013.png 0 0 0 0 0 0 0 0 0 0 0 0 0 0
00004461_018.png 0 0 0 0 0 0 0 0 0 0 0 0 0 0
00004464_001.png 0 0 0 0 0 0 0 0 0 0 0 0 0 0
00004467_000.png 0 0 0 0 0 0 0 0 0 0 0 0 0 0
00004468_000.png 0 0 0 0 0 0 0 0 0 0 0 0 0 0
00004468_001.png 0 0 0 0 0 0 0 0 0 0 0 0 0 0
00004473_000.png 0 0 0 0 0 0 0 0 0 0 0 0 0 0
00004476_000.png 0 0 0 0 0 0 0 0 0 0 0 0 0 0
00004480_001.png 0 0 0 0 0 0 0 0 0 0 0 0 0 0
00004486_001.png 0 0 0 0 0 0 0 0 0 0 0 0 0 0
00004489_000.png 0 0 0 0 0 0 0 0 0 0 0 0 0 0
00004490_008.png 0 0 0 1 0 0 1 0 0 0 0 0 0 0
00004493_000.png 0 0 0 0 0 0 0 0 0 0 0 0 0 0
00004497_004.png 0 0 0 0 0 0 0 0 0 0 0 0 0 0
00004508_004.png 0 0 0 0 0 0 0 0 0 0 0 0 0 0
00004508_005.png 0 0 0 0 0 0 0 0 0 0 0 0 0 0
00004508_011.png 0 0 0 0 0 0 0 0 0 0 0 0 0 0
00004508_013.png 1 0 0 1 0 0 1 0 1 1 0 0 0 0
00004508_016.png 0 0 0 0 0 0 0 0 0 0 0 0 0 0
00004510_000.png 0 0 0 0 0 0 0 0 0 0 0 0 0 0
00004512_002.png 1 0 0 1 0 0 1 0 1 0 0 0 0 0
00004515_000.png 0 0 0 0 0 0 0 0 0 0 0 0 0 0
00004521_003.png 0 0 0 0 0 0 0 0 0 0 0 0 0 0
00004525_001.png 0 0 0 0 0 0 0 0 0 0 0 0 0 0
00004526_013.png 1 0 0 1 0 0 1 0 0 0 0 0 0 0
00004526_018.png 0 0 0 0 0 0 0 0 0 0 0 0 0 0
00004532_001.png 0 0 0 0 1 0 1 0 0 0 0 0 0 0
00004532_004.png 0 0 0 0 0 0 0 0 0 0 0 0 0 0
00004533_015.png 0 0 0 0 0 0 0 0 0 0 0 0 0 0
00004533_020.png 0 0 1 1 0 0 1 0 0 1 0 0 0 0
00004534_002.png 0 0 0 0 0 0 0 0 0 0 0 0 0 0
00004534_008.png 0 1 0 0 0 0 1 0 0 0 0 0 0 0
00004536_000.png 0 0 0 0 0 0 0 0 0 0 0 0 0 0
00004547_011.png 0 0 0 0 0 0 0 0 0 0 0 0 0 0
00004547_012.png 0 0 0 0 0 0 0 0 0 0 0 0 0 0
00004547_015.png 0 0 0 0 0 0 0 0 0 0 0 0 0 0
00004548_000.png 0 0 0 0 0 0 0 0 0 0 0 0 0 0
00004553_003.png 0 0 0 0 0 0 0 0 0 0 0 0 0 0
00004556_004.png 0 0 0 0 0 0 0 0 0 0 0 0 0 0
00004556_006.png 0 0 0 0 0 0 0 0 0 0 0 0 0 0
00004559_000.png 0 0 0 0 0 0 0 0 0 0 0 0 0 0
00004571_008.png 0 0 0 0 0 0 0 0 0 0 0 0 0 0
00004571_010.png 0 0 0 0 0 0 0 0 0 0 0 0 0 0
00004573_000.png 0 0 0 0 0 0 0 0 0 0 0 0 0 0
00004576_001.png 0 0 0 0 0 0 0 0 0 0 0 0 0 0
00004577_000.png 0 0 0 0 0 0 0 0 0 0 0 0 0 0
00004577_001.png 0 0 0 0 0 0 0 0 0 0 0 0 0 0
00004582_003.png 0 0 0 0 0 0 0 0 0 0 0 0 0 0
00004582_007.png 0 0 0 0 0 0 0 0 0 0 0 0 0 0
00004582_009.png 0 0 0 0 0 0 0 0 0 0 0 0 0 0
00004583_002.png 0 0 0 0 0 0 0 0 0 0 0 0 0 0
00004590_000.png 0 0 0 0 0 0 0 0 0 0 0 0 0 0
00004591_002.png 0 0 0 0 0 0 0 0 0 0 0 0 0 0
00004591_006.png 0 0 0 0 0 0 0 0 0 0 0 0 0 0
00004594_001.png 0 0 0 0 0 0 0 0 0 0 0 0 0 0
00004594_002.png 0 0 0 0 0 0 0 0 0 0 0 0 0 0
00004595_002.png 0 0 0 0 0 0 0 0 0 0 0 0 0 0
00004595_003.png 0 0 0 0 0 0 0 0 0 0 0 0 0 0
00004596_001.png 0 0 0 0 0 0 0 0 0 0 0 0 0 0
00004598_001.png 0 0 0 0 0 0 0 0 0 0 0 0 0 0
00004598_003.png 0 0 0 0 0 0 0 0 0 0 0 0 0 0
00004605_010.png 0 0 0 0 0 0 0 0 0 0 0 0 0 0
00004605_014.png 0 0 0 0 0 0 0 0 0 0 0 0 0 0
00004605_017.png 0 0 0 0 0 0 0 0 0 0 0 0 0 0
00004608_002.png 0 0 0 0 0 0 0 0 0 0 0 0 0 0
00004609_000.png 0 0 0 0 0 0 0 0 0 0 0 0 0 0
00004609_002.png 0 0 0 0 0 0 0 0 0 0 0 0 0 0
00004609_003.png 0 0 0 0 0 0 0 0 0 0 0 0 0 0
00004610_000.png 0 0 0 0 0 0 0 0 0 0 0 0 0 0
00004610_003.png 0 0 0 0 0 0 0 0 0 0 0 0 0 0
00004614_001.png 0 0 0 0 0 0 0 0 0 0 0 0 0 0
00004622_000.png 0 0 0 0 0 0 0 0 0 0 0 0 0 0
00004625_004.png 0 0 0 0 0 0 0 0 0 0 0 0 0 0
00004629_000.png 0 0 0 0 0 0 0 0 0 0 0 0 0 0
00004634_002.png 0 0 0 0 0 0 0 0 0 0 0 0 0 0
00004635_000.png 0 0 0 0 0 0 0 0 0 0 0 0 0 0
00004641_000.png 0 0 1 0 0 0 1 0 0 0 0 0 1 0
00004643_006.png 0 0 0 0 0 0 0 0 0 0 0 0 0 0
00004644_004.png 0 0 0 0 0 0 0 0 0 0 0 0 0 0
00004646_004.png 0 0 0 0 0 0 0 0 0 0 0 0 0 0
00004649_000.png 0 0 0 0 0 0 0 0 0 0 0 0 0 0
00004651_002.png 0 0 0 0 0 0 0 0 0 0 0 0 0 0
00004652_002.png 0 0 0 0 0 0 0 0 0 0 0 0 0 0
00004658_000.png 0 0 0 0 0 0 0 0 0 0 0 0 0 0
00004660_000.png 0 0 0 0 0 0 0 0 0 0 0 0 0 0
00004665_002.png 0 0 0 0 0 0 0 0 0 0 0 0 0 0
00004666_001.png 0 0 0 0 0 0 0 0 0 0 0 0 0 0
00004668_003.png 0 0 0 0 0 0 0 0 0 0 0 0 0 0
00004668_004.png 0 0 0 0 0 0 0 0 0 0 0 0 0 0
00004671_000.png 0 0 0 0 0 0 0 0 0 0 0 0 0 0
00004672_000.png 0 0 0 0 0 0 0 0 0 0 0 0 0 0
00004673_006.png 0 0 0 0 0 0 0 0 0 0 0 0 0 0
00004673_010.png 0 0 0 0 0 0 0 0 0 0 0 0 0 0
00004673_015.png 0 0 0 0 0 0 0 0 0 0 0 0 0 0
00004674_001.png 0 0 0 0 0 0 0 0 0 0 0 0 0 0
00004674_003.png 0 0 0 0 0 0 0 0 0 0 0 0 0 0
00004676_000.png 0 0 0 0 0 0 0 0 0 0 0 0 0 0
00004677_000.png 0 0 0 0 0 0 0 0 0 0 0 0 0 0
00004682_002.png 0 0 0 0 0 0 0 0 0 0 0 0 0 0
00004682_011.png 0 0 0 0 0 0 0 0 0 0 0 0 0 0
00004684_000.png 0 0 0 0 0 0 0 0 0 0 0 0 0 0
00004691_000.png 0 0 0 0 0 0 0 0 0 0 0 0 0 0
00004695_001.png 0 0 0 0 0 0 0 0 0 0 0 0 0 0
00004697_000.png 0 0 0 0 0 0 0 0 0 0 0 0 0 0
00004699_001.png 0 0 0 0 0 0 0 0 0 0 0 0 0 0
00004702_000.png 0 0 0 0 0 0 0 0 0 0 0 0 0 0
00004704_003.png 0 0 0 0 0 0 0 0 0 0 0 0 0 0
00004705_000.png 0 0 0 0 0 0 0 0 0 0 0 0 0 0
00004714_000.png 0 0 0 0 0 0 0 0 0 0 0 0 0 0
00004724_000.png 0 0 0 0 0 0 0 0 0 0 0 0 0 0
00004724_008.png 0 0 0 0 0 0 0 0 0 0 0 0 0 0
00004726_001.png 0 0 0 0 0 0 0 0 0 0 0 0 0 0
00004731_000.png 0 0 0 0 0 0 0 0 0 0 0 0 0 0
00004734_001.png 0 0 0 0 0 0 0 0 0 0 0 0 0 0
00004734_002.png 0 0 0 0 0 0 0 0 0 0 0 0 0 0
00004735_009.png 0 0 0 0 0 0 0 0 0 0 0 0 0 0
00004737_001.png 0 0 0 0 0 0 0 0 0 0 0 0 0 0
00004737_009.png 0 0 0 0 0 0 0 0 0 0 0 0 0 0
00004742_000.png 0 0 0 0 0 0 0 0 0 0 0 0 0 0
00004746_001.png 0 0 0 0 0 0 0 0 0 0 0 0 0 0
00004746_018.png 0 0 0 0 0 0 0 0 0 0 0 0 0 0
00004746_024.png 0 0 0 0 0 0 0 0 0 0 0 0 0 0
00004749_001.png 0 0 0 0 0 0 0 0 0 0 0 0 0 0
00004750_001.png 0 0 0 0 0 0 0 0 0 0 0 0 0 0
00004753_001.png 0 0 0 0 0 0 0 0 0 0 0 0 0 0
00004753_003.png 0 0 0 0 0 0 0 0 0 0 0 0 0 0
00004755_013.png 0 0 0 0 0 0 0 0 0 0 0 0 0 0
00004756_000.png 0 0 0 0 0 0 0 0 0 0 0 0 0 0
00004761_000.png 0 0 0 0 0 0 0 0 0 0 0 0 0 0
00004761_001.png 0 0 0 0 0 0 0 0 0 0 0 0 0 0
00004762_002.png 0 0 0 0 0 0 0 0 0 0 0 0 0 0
00004771_000.png 0 0 0 0 0 0 0 0 0 0 0 0 0 0
00004772_002.png 0 0 0 0 0 0 0 0 0 0 0 0 0 0
00004772_003.png 0 0 0 0 0 0 0 0 0 0 0 0 0 0
00004774_000.png 0 0 0 0 0 0 0 0 0 0 0 0 0 0
00004787_001.png 0 0 0 0 0 0 0 0 0 0 0 0 0 0
00004787_005.png 0 0 0 0 0 0 0 0 0 0 0 0 0 0
00004797_000.png 0 0 0 0 0 0 0 0 0 0 0 0 0 0
00004805_000.png 0 0 0 0 0 0 0 0 0 0 0 0 0 0
00004808_003.png 1 0 0 0 0 0 1 0 0 0 0 0 0 0
00004808_005.png 0 0 0 0 0 0 0 0 0 0 0 0 0 0
00004808_009.png 0 0 0 1 0 0 1 0 0 0 0 0 0 0
00004808_014.png 0 0 0 0 0 0 0 0 0 0 0 0 0 0
00004808_016.png 0 0 0 0 0 0 0 0 0 0 0 0 0 0
00004808_018.png 0 0 0 0 0 0 0 0 0 0 0 0 0 0
00004808_024.png 0 0 0 0 0 0 0 0 0 0 0 0 0 0
00004808_029.png 0 0 0 0 0 0 0 0 0 0 0 0 0 0
00004808_038.png 0 0 0 0 0 0 0 0 0 0 0 0 0 0
00004808_087.png 0 0 0 0 0 0 0 0 0 0 0 0 0 0
00004808_090.png 0 0 0 1 0 0 1 0 0 1 0 0 0 0
00004808_101.png 0 0 0 1 0 0 1 0 0 1 0 0 0 0
00004809_004.png 0 0 0 0 0 0 0 0 0 0 0 0 0 0
00004821_001.png 0 0 0 0 0 0 0 0 0 0 0 0 0 0
00004821_004.png 0 0 0 0 0 0 0 0 0 0 0 0 0 0
00004822_002.png 0 0 0 0 0 0 0 0 0 0 0 0 0 0
00004822_004.png 0 0 0 0 0 0 0 0 0 0 0 0 0 0
00004822_005.png 0 0 0 1 0 0 1 0 0 0 0 0 0 0
00004822_009.png 0 0 0 0 0 0 0 0 0 0 0 0 0 0
00004822_019.png 0 0 0 0 0 0 0 0 0 0 0 0 0 0
00004824_007.png 0 0 0 0 0 0 0 0 0 0 0 0 0 0
00004824_008.png 0 0 0 0 0 0 0 0 0 0 0 0 0 0
00004831_004.png 0 0 0 0 0 0 0 0 0 0 0 0 0 0
00004832_011.png 0 0 0 0 0 0 0 0 0 0 0 0 0 0
00004832_025.png 0 0 0 0 0 0 1 1 1 0 0 0 0 0
00004832_030.png 0 0 0 1 0 0 1 0 1 0 0 0 1 0
00004833_011.png 0 0 0 1 0 0 1 0 0 0 0 0 0 0
00004833_026.png 0 0 0 0 0 0 0 0 0 0 0 0 0 0
00004833_033.png 0 0 0 0 0 0 0 0 0 0 0 0 0 0
00004833_037.png 0 0 0 0 0 0 0 0 0 0 0 0 0 0
00004833_041.png 0 0 0 0 0 0 0 0 0 0 0 0 0 0
00004833_042.png 0 0 0 0 0 0 0 0 0 0 0 0 0 0
00004846_005.png 0 0 0 0 0 0 0 0 0 0 0 0 0 0
00004848_001.png 0 0 0 0 0 0 0 0 0 0 0 0 0 0
00004849_002.png 0 0 0 0 0 0 0 0 0 0 0 0 0 0
00004850_002.png 0 0 0 0 0 0 0 0 0 0 0 0 0 0
00004850_006.png 0 0 0 0 0 0 0 0 0 0 0 0 0 0
00004854_001.png 0 0 0 0 0 0 0 0 0 0 0 0 0 0
00004854_002.png 0 0 0 0 0 0 0 0 0 0 0 0 0 0
00004856_000.png 0 0 0 0 0 0 0 0 0 0 0 0 0 0
00004857_006.png 0 0 0 0 0 0 0 0 0 0 0 0 0 0
00004857_009.png 0 0 0 0 0 0 0 0 0 0 0 0 0 0
00004857_016.png 0 0 0 1 0 0 1 0 0 0 0 0 0 0
00004857_024.png 0 0 0 0 0 0 0 0 0 0 0 0 0 0
00004857_025.png 0 0 0 0 0 0 0 0 0 0 0 0 0 0
00004857_033.png 0 0 0 0 0 0 0 0 0 0 0 0 0 0
00004857_039.png 0 0 0 0 0 0 0 0 0 0 0 0 0 0
00004857_046.png 0 0 0 0 0 0 0 0 0 0 0 0 0 0
00004858_009.png 0 0 0 0 0 0 0 0 0 0 0 0 0 0
00004858_018.png 0 0 0 0 0 0 0 0 0 0 0 0 0 0
00004858_019.png 0 0 0 0 0 0 0 0 0 0 0 0 0 0
00004858_033.png 0 0 0 0 0 0 0 0 0 0 0 0 0 0
00004858_052.png 0 0 0 0 0 0 0 0 0 0 0 0 0 0
00004858_059.png 0 0 0 0 0 0 0 0 0 0 0 0 0 0
00004859_000.png 0 0 0 0 0 0 0 0 0 0 0 0 0 0
00004860_000.png 0 0 0 0 0 0 0 0 0 0 0 0 0 0
00004864_001.png 0 0 0 0 0 0 0 0 0 0 0 0 0 0
00004876_001.png 0 0 0 0 0 0 0 0 0 0 0 0 0 0
00004876_002.png 0 0 0 0 0 0 0 0 0 0 0 0 0 0
00004881_003.png 0 0 0 0 0 0 0 0 0 0 0 0 0 0
00004882_001.png 0 0 0 0 0 0 0 0 0 0 0 0 0 0
00004890_000.png 0 0 0 0 0 0 0 0 0 0 0 0 0 0
00004893_004.png 0 0 0 0 0 0 0 0 0 0 0 0 0 0
00004893_027.png 0 0 0 0 0 0 1 0 0 0 0 0 0 0
00004893_038.png 0 0 0 0 0 0 0 0 0 0 0 0 0 0
00004893_039.png 0 0 0 0 0 0 0 0 0 0 0 0 0 0
00004893_048.png 0 0 0 0 0 0 0 0 0 0 0 0 0 0
00004893_076.png 0 0 0 0 0 0 0 0 0 0 0 0 0 0
00004894_000.png 0 0 0 0 0 0 0 0 0 0 0 0 0 0
00004896_002.png 0 0 0 0 0 0 0 0 0 0 0 0 0 0
00004900_001.png 0 0 0 0 0 0 0 0 0 0 0 0 0 0
00004904_007.png 0 0 0 0 0 0 0 0 0 0 0 0 0 0
00004904_009.png 0 0 0 0 0 0 0 0 0 0 0 0 0 0
00004909_001.png 0 0 0 0 0 0 0 0 0 0 0 0 0 0
00004911_004.png 0 0 0 0 0 0 0 0 0 0 0 0 0 0
00004913_000.png 0 0 0 0 0 0 0 0 0 0 0 0 0 0
00004915_001.png 0 0 0 0 0 0 0 0 0 0 0 0 0 0
00004915_002.png 0 0 0 0 0 0 0 0 0 0 0 0 0 0
00004917_006.png 0 0 0 0 0 0 0 0 0 0 0 0 0 0
00004917_013.png 0 0 0 0 0 0 0 0 0 0 0 0 0 0
00004919_000.png 0 0 0 0 0 0 0 0 0 0 0 0 0 0
00004925_004.png 0 0 0 0 0 0 0 0 0 0 0 0 0 0
00004925_009.png 0 0 0 0 0 0 0 0 0 0 0 0 0 0
00004925_010.png 0 0 0 0 0 0 0 0 0 0 0 0 0 0
00004925_011.png 0 0 0 0 0 0 0 0 0 0 0 0 0 0
00004925_013.png 0 0 0 0 0 0 0 0 0 0 0 0 0 0
00004931_001.png 0 0 0 0 0 0 0 0 0 0 0 0 0 0
00004931_012.png 0 0 0 0 0 0 0 0 0 0 0 0 0 0
00004931_013.png 0 0 0 0 0 0 0 0 0 0 0 0 0 0
00004931_019.png 0 0 0 0 0 0 0 0 0 0 0 0 0 0
00004933_000.png 0 0 0 0 0 0 0 0 0 0 0 0 0 0
00004935_001.png 0 0 0 0 0 0 0 0 0 0 0 0 0 0
00004937_000.png 1 0 0 0 0 0 1 0 0 0 0 0 0 0
00004938_000.png 0 0 0 0 0 0 0 0 0 0 0 0 0 0
00004943_001.png 0 0 0 0 0 0 0 0 0 0 0 0 0 0
00004959_003.png 0 0 0 0 0 0 1 0 0 0 1 0 0 0
00004962_001.png 0 0 0 0 0 0 0 0 0 0 0 0 0 0
00004963_000.png 0 0 0 0 0 0 0 0 0 0 0 0 0 0
00004964_000.png 0 0 0 0 0 0 0 0 0 0 0 0 0 0
00004974_005.png 0 0 0 0 0 0 0 0 0 0 0 0 0 0
00004975_005.png 0 0 0 0 0 0 0 0 0 0 0 0 0 0
00004975_006.png 0 0 0 0 0 0 0 0 0 0 0 0 0 0
00004976_000.png 1 1 0 0 0 0 1 0 0 0 0 0 0 0
00004978_003.png 0 0 0 0 0 0 0 0 0 0 0 0 0 0
00004992_005.png 0 0 0 0 0 0 0 0 0 0 0 0 0 0
00004992_008.png 0 0 0 0 0 0 0 0 0 0 0 0 0 0
00004992_009.png 0 0 0 0 0 0 0 0 0 0 0 0 0 0
00004992_019.png 0 0 0 0 0 0 0 0 0 0 0 0 0 0
00004993_000.png 0 0 0 0 0 0 0 0 0 0 0 0 0 0
00004996_001.png 0 0 0 0 0 0 0 0 0 0 0 0 0 0
00004998_001.png 0 0 0 0 0 0 0 0 0 0 0 0 0 0
00004999_004.png 0 0 0 0 0 0 0 0 0 0 0 0 0 0
00004999_006.png 0 0 0 0 0 0 0 0 0 0 0 0 0 0
00005000_002.png 0 0 0 0 0 0 0 0 0 0 0 0 0 0
00005000_003.png 0 0 0 0 0 0 0 0 0 0 0 0 0 0
00005000_007.png 0 0 0 0 0 0 0 0 0 0 0 0 0 0
00005001_001.png 0 0 0 0 0 0 0 0 0 0 0 0 0 0
00005004_000.png 0 0 0 0 0 0 0 0 0 0 0 0 0 0
00005006_000.png 0 0 0 0 0 0 0 0 0 0 0 0 0 0
00005008_001.png 0 0 0 0 0 0 0 0 0 0 0 0 0 0
00005009_000.png 0 0 0 0 0 0 0 0 0 0 0 0 0 0
00005011_000.png 1 0 0 0 0 0 1 0 0 0 0 0 0 0
00005014_004.png 0 0 0 0 0 0 0 0 0 0 0 0 0 0
00005015_001.png 0 0 0 0 0 0 0 0 0 0 0 0 0 0
00005015_004.png 1 0 0 0 0 0 1 0 0 0 0 0 0 0
00005015_005.png 0 0 0 0 0 0 0 0 0 0 0 0 0 0
00005019_001.png 0 0 0 0 0 0 0 0 0 0 0 0 0 0
00005020_004.png 0 0 0 0 0 0 0 0 0 0 0 0 0 0
00005025_000.png 0 0 0 0 0 0 0 0 0 0 0 0 0 0
00005026_010.png 0 0 0 0 0 0 0 0 0 0 0 0 0 0
00005027_001.png 0 0 0 0 0 0 0 0 0 0 0 0 0 0
00005032_000.png 0 0 0 0 0 0 1 0 0 0 0 0 0 0
00005035_002.png 0 0 0 0 0 0 0 0 0 0 0 0 0 0
00005045_000.png 0 0 0 0 0 0 0 0 0 0 0 0 0 0
00005046_000.png 0 0 0 0 0 0 0 0 0 0 0 0 0 0
00005056_000.png 0 0 0 0 0 0 0 0 0 0 0 0 0 0
00005057_000.png 0 0 0 0 0 0 0 0 0 0 0 0 0 0
00005063_000.png 0 0 0 0 0 0 0 0 0 0 0 0 0 0
00005065_000.png 0 0 0 0 0 0 0 0 0 0 0 0 0 0
00005066_006.png 0 0 0 0 0 0 0 0 0 0 0 0 0 0
00005066_013.png 0 0 0 0 0 0 0 0 0 0 0 0 0 0
00005066_023.png 0 0 0 0 0 0 0 0 0 0 0 0 0 0
00005066_045.png 0 0 0 0 0 0 0 0 0 0 0 0 0 0
00005066_047.png 0 0 0 0 0 0 0 0 0 0 0 0 0 0
00005066_051.png 0 0 0 0 0 0 0 0 0 0 0 0 0 0
00005067_001.png 0 0 0 0 0 0 0 0 0 0 0 0 0 0
00005068_000.png 0 0 0 0 0 0 0 0 0 0 0 0 0 0
00005069_001.png 0 0 0 0 0 0 1 0 0 0 0 0 0 0
00005070_000.png 0 0 0 0 0 0 0 0 0 0 0 0 0 0
00005070_003.png 0 0 0 0 0 0 0 0 0 0 0 0 0 0
00005072_000.png 0 0 0 0 0 0 0 0 0 0 0 0 0 0
00005079_001.png 0 0 0 0 0 0 0 0 0 0 0 0 0 0
00005081_003.png 0 0 0 0 0 0 0 0 0 0 0 0 0 0
00005081_004.png 0 0 0 0 0 0 0 0 0 0 0 0 0 0
00005084_000.png 0 0 0 0 0 0 0 0 0 0 0 0 0 0
00005085_001.png 0 0 0 0 0 0 0 0 0 0 0 0 0 0
00005089_028.png 0 0 0 0 0 0 0 0 0 0 0 0 0 0
00005089_045.png 0 0 0 0 0 0 0 0 0 0 0 0 0 0
00005090_003.png 1 0 0 0 0 0 1 0 0 0 0 0 0 0
00005094_008.png 0 0 0 0 0 0 0 0 0 0 0 0 0 0
00005099_001.png 0 0 0 0 0 0 0 0 0 0 0 0 0 0
00005100_001.png 0 0 0 0 0 0 0 0 0 0 0 0 0 0
00005104_000.png 0 0 0 0 0 0 0 0 0 0 0 0 0 0
00005114_001.png 0 0 0 0 0 0 0 0 0 0 0 0 0 0
00005115_000.png 0 0 0 0 0 0 0 0 0 0 0 0 0 0
00005119_001.png 0 0 0 0 0 0 0 0 0 0 0 0 0 0
00005119_004.png 0 0 0 0 0 0 0 0 0 0 0 0 0 0
00005123_000.png 0 0 0 0 0 0 0 0 0 0 0 0 0 0
00005128_000.png 0 0 0 0 0 0 0 0 0 0 0 0 0 0
00005128_004.png 0 0 0 0 0 0 0 0 0 0 0 0 0 0
00005131_000.png 0 0 0 0 0 0 0 0 0 0 0 0 0 0
00005132_001.png 0 0 0 0 0 0 0 0 0 0 0 0 0 0
00005135_002.png 0 0 0 0 0 0 0 0 0 0 0 0 0 0
00005138_009.png 0 0 0 0 0 0 1 0 0 0 0 0 0 0
00005142_000.png 0 0 0 0 0 0 0 0 0 0 0 0 0 0
00005151_000.png 0 0 0 0 0 0 0 0 0 0 0 0 0 0
00005154_003.png 0 0 0 0 0 0 0 0 0 0 0 0 0 0
00005155_002.png 0 0 0 0 0 0 0 0 0 0 0 0 0 0
00005157_000.png 0 0 0 0 0 0 0 0 0 0 0 0 0 0
00005166_002.png 0 0 0 0 0 0 0 0 0 0 0 0 0 0
00005176_006.png 0 0 0 0 0 0 0 0 0 0 0 0 0 0
00005176_007.png 0 0 0 0 0 0 0 0 0 0 0 0 0 0
00005176_018.png 0 0 0 1 0 0 1 0 0 0 0 0 0 0
00005176_021.png 0 0 0 0 0 0 0 0 0 0 0 0 0 0
00005177_000.png 0 0 0 0 0 0 0 0 0 0 0 0 0 0
00005179_008.png 0 0 0 0 0 0 0 0 0 0 0 0 0 0
00005185_001.png 0 0 0 0 0 0 0 0 0 0 0 0 0 0
00005188_003.png 0 0 0 0 0 0 0 0 0 0 0 0 0 0
00005190_000.png 0 0 0 0 0 0 0 0 0 0 0 0 0 0
00005191_003.png 0 0 0 0 0 0 0 0 0 0 0 0 0 0
00005193_000.png 0 0 0 0 0 0 0 0 0 0 0 0 0 0
00005195_003.png 0 0 0 0 0 0 0 0 0 0 0 0 0 0
00005198_000.png 0 0 0 0 0 0 0 0 0 0 0 0 0 0
00005200_017.png 0 0 0 0 0 0 0 0 0 0 0 0 0 0
00005202_007.png 0 0 0 0 0 0 0 0 0 0 0 0 0 0
00005202_008.png 0 0 0 0 0 0 0 0 0 0 0 0 0 0
00005205_002.png 0 0 0 0 0 0 0 0 0 0 0 0 0 0
00005206_005.png 0 0 0 0 0 0 0 0 0 0 0 0 0 0
00005221_000.png 0 0 0 0 0 0 0 0 0 0 0 0 0 0
00005222_000.png 0 0 0 0 0 0 0 0 0 0 0 0 0 0
00005228_002.png 1 0 0 0 0 0 1 0 0 0 0 0 0 0
00005230_000.png 0 0 0 0 0 0 0 0 0 0 0 0 0 0
00005236_000.png 0 0 0 0 0 0 0 0 0 0 0 0 0 0
00005242_000.png 0 0 0 0 0 0 0 0 0 0 0 0 0 0
00005254_010.png 0 0 0 0 0 0 0 0 0 0 0 0 0 0
00005254_011.png 0 0 0 0 0 0 0 0 0 0 0 0 0 0
00005254_012.png 0 0 0 0 0 0 0 0 0 0 0 0 0 0
00005261_001.png 0 0 0 0 0 0 0 0 0 0 0 0 0 0
00005261_003.png 0 0 0 0 0 0 0 0 0 0 0 0 0 0
00005270_000.png 0 0 0 0 0 0 0 0 0 0 0 0 0 0
00005270_008.png 0 0 0 0 0 0 0 0 0 0 0 0 0 0
00005274_011.png 0 0 0 0 0 0 1 0 0 0 0 0 0 0
00005288_005.png 0 0 0 1 0 0 1 0 0 0 0 0 0 0
00005288_011.png 0 0 0 0 0 0 1 0 0 1 0 0 0 0
00005288_013.png 0 0 0 0 0 0 0 0 0 0 0 0 0 0
00005288_014.png 0 0 0 0 1 0 1 0 0 1 0 0 0 0
00005291_000.png 0 0 0 0 0 0 0 0 0 0 0 0 0 0
00005291_003.png 0 0 0 0 0 0 0 0 0 0 0 0 0 0
00005292_000.png 0 0 0 0 0 0 0 0 0 0 0 0 0 0
00005298_000.png 0 0 0 0 0 0 0 0 0 0 0 0 0 0
00005298_004.png 0 0 0 0 0 0 0 0 0 0 0 0 0 0
00005301_000.png 0 0 0 0 0 0 0 0 0 0 0 0 0 0
00005303_000.png 0 0 0 0 0 0 0 0 0 0 0 0 0 0
00005308_000.png 0 0 0 0 0 0 0 0 0 0 0 0 0 0
00005308_003.png 0 0 0 0 0 0 0 0 0 0 0 0 0 0
00005308_007.png 0 0 0 0 0 0 0 0 0 0 0 0 0 0
00005309_000.png 0 0 0 0 0 0 0 0 0 0 0 0 0 0
00005310_000.png 0 0 0 0 0 0 0 0 0 0 0 0 0 0
00005311_006.png 0 0 0 0 0 0 0 0 0 0 0 0 0 0
00005313_000.png 0 0 0 0 0 0 0 0 0 0 0 0 0 0
00005316_000.png 1 0 0 0 0 0 1 0 0 0 0 0 0 0
00005319_000.png 0 0 0 0 0 0 0 0 0 0 0 0 0 0
00005324_001.png 0 0 0 0 0 0 0 0 0 0 0 0 0 0
00005329_000.png 0 0 0 0 0 0 0 0 0 0 0 0 0 0
00005334_000.png 0 0 0 0 0 0 0 0 0 0 0 0 0 0
00005335_004.png 0 0 0 0 0 0 0 0 0 0 0 0 0 0
00005344_001.png 0 0 0 0 0 0 0 0 0 0 0 0 0 0
00005345_000.png 0 0 0 0 0 0 0 0 0 0 0 0 0 0
00005347_001.png 0 0 0 0 0 0 0 0 0 0 0 0 0 0
00005348_008.png 0 0 0 0 0 0 0 0 0 0 0 0 0 0
00005353_000.png 0 0 0 0 0 0 1 0 1 0 0 0 0 0
00005353_005.png 0 0 0 0 0 0 0 0 0 0 0 0 0 0
00005360_004.png 0 0 0 0 0 0 0 0 0 0 0 0 0 0
00005360_006.png 0 0 0 0 0 0 0 0 0 0 0 0 0 0
00005365_000.png 0 0 0 0 0 0 0 0 0 0 0 0 0 0
00005365_001.png 0 0 0 0 0 0 0 0 0 0 0 0 0 0
00005365_014.png 0 0 0 0 0 0 0 0 0 0 0 0 0 0
00005365_021.png 0 0 0 0 0 0 0 0 0 0 0 0 0 0
00005365_026.png 0 0 0 0 0 0 0 0 0 0 0 0 0 0
00005370_000.png 0 0 0 0 0 0 0 0 0 0 0 0 0 0
00005373_001.png 0 0 0 0 0 0 0 0 0 0 0 0 0 0
00005393_000.png 0 0 0 0 0 0 0 0 0 0 0 0 0 0
00005395_001.png 0 0 0 0 0 0 0 0 0 0 0 0 0 0
00005395_009.png 0 0 0 0 0 0 0 0 0 0 0 0 0 0
00005401_006.png 0 0 0 0 0 0 0 0 0 0 0 0 0 0
00005403_030.png 0 0 0 0 0 0 0 0 0 0 0 0 0 0
00005404_001.png 0 0 0 0 0 0 0 0 0 0 0 0 0 0
00005405_000.png 0 0 0 0 0 0 0 0 0 0 0 0 0 0
00005413_003.png 0 0 0 0 0 0 0 0 0 0 0 0 0 0
00005416_004.png 0 0 0 0 0 0 0 0 0 0 0 0 0 0
00005418_009.png 0 0 0 0 0 0 0 0 0 0 0 0 0 0
00005418_012.png 0 0 0 0 0 0 0 0 0 0 0 0 0 0
00005418_013.png 0 0 0 0 0 0 0 0 0 0 0 0 0 0
00005418_014.png 0 0 0 0 0 0 0 0 0 0 0 0 0 0
00005418_016.png 0 0 0 0 0 0 0 0 0 0 0 0 0 0
00005419_000.png 0 0 0 0 0 0 0 0 0 0 0 0 0 0
00005420_000.png 0 0 0 0 0 0 0 0 0 0 0 0 0 0
00005422_000.png 0 0 0 0 0 0 0 0 0 0 0 0 0 0
00005428_000.png 0 0 0 0 0 0 0 0 0 0 0 0 0 0
00005430_000.png 0 0 0 0 0 0 0 0 0 0 0 0 0 0
00005431_000.png 0 0 0 0 0 0 0 0 0 0 0 0 0 0
00005434_001.png 0 0 0 0 0 0 0 0 0 0 0 0 0 0
00005434_002.png 0 0 0 0 0 0 0 0 0 0 0 0 0 0
00005434_003.png 0 0 0 0 0 0 0 0 0 0 0 0 0 0
00005435_000.png 1 0 0 0 0 0 1 0 0 0 0 0 0 0
00005435_002.png 0 0 0 0 0 0 0 0 0 0 0 0 0 0
00005438_000.png 0 0 0 0 0 0 0 0 0 0 0 0 0 0
00005441_000.png 0 0 0 0 0 0 0 0 0 0 0 0 0 0
00005449_000.png 0 0 0 0 0 0 0 0 0 0 0 0 0 0
00005449_002.png 0 0 0 0 0 0 0 0 0 0 0 0 0 0
00005449_003.png 0 0 0 0 0 0 0 0 0 0 0 0 0 0
00005449_004.png 0 0 0 0 0 0 0 0 0 0 0 0 0 0
00005453_001.png 0 0 0 0 0 0 0 0 0 0 0 0 0 0
00005462_000.png 0 0 0 0 0 0 0 0 0 0 0 0 0 0
00005466_000.png 0 0 0 0 0 0 0 0 0 0 0 0 0 0
00005467_000.png 0 0 0 0 0 0 0 0 0 0 0 0 0 0
00005467_001.png 0 0 0 0 0 0 0 0 0 0 0 0 0 0
00005477_001.png 0 0 0 0 0 0 0 0 0 0 0 0 0 0
00005493_014.png 0 0 0 0 0 0 0 0 0 0 0 0 0 0
00005497_002.png 0 0 0 0 0 0 0 0 0 0 0 0 0 0
00005497_005.png 0 0 0 0 0 0 0 0 0 0 0 0 0 0
00005497_006.png 0 0 0 0 0 0 0 0 0 0 0 0 0 0
00005501_000.png 0 0 0 0 0 0 0 0 0 0 0 0 0 0
00005502_008.png 0 0 0 0 0 0 0 0 0 0 0 0 0 0
00005504_003.png 0 0 0 0 0 0 0 0 0 0 0 0 0 0
00005510_000.png 0 0 0 0 0 0 0 0 0 0 0 0 0 0
00005510_001.png 0 0 0 0 0 0 0 0 0 0 0 0 0 0
00005520_009.png 0 0 0 0 0 0 0 0 0 0 0 0 0 0
00005524_000.png 0 0 0 0 0 0 0 0 0 0 0 0 0 0
00005525_000.png 0 0 0 0 0 0 0 0 0 0 0 0 0 0
00005528_014.png 0 0 0 0 0 0 0 0 0 0 0 0 0 0
00005528_016.png 0 0 0 0 0 0 0 0 0 0 0 0 0 0
00005530_001.png 0 0 0 0 0 0 0 0 0 0 0 0 0 0
00005532_004.png 0 1 0 0 0 0 1 0 0 0 0 0 0 0
00005532_017.png 0 0 0 0 0 0 0 0 0 0 0 0 0 0
00005532_022.png 0 0 0 1 0 0 1 0 0 0 0 0 0 0
00005532_028.png 0 0 0 0 0 0 0 0 0 0 0 0 0 0
00005532_034.png 0 0 0 0 0 0 0 0 0 0 0 0 0 0
00005532_038.png 0 0 0 0 0 0 0 0 0 0 0 0 0 0
00005536_001.png 0 0 0 0 0 0 0 0 0 0 0 0 0 0
00005537_002.png 0 0 0 0 0 0 0 0 0 0 0 0 0 0
00005539_005.png 0 0 0 0 0 0 0 0 0 0 0 0 0 0
00005544_000.png 1 0 0 0 0 0 1 0 0 0 0 0 0 0
00005545_002.png 0 0 0 0 0 0 0 0 0 0 0 0 0 0
00005546_000.png 0 0 0 0 0 0 0 0 0 0 0 0 0 0
00005549_000.png 0 0 0 0 0 0 0 0 0 0 0 0 0 0
00005551_000.png 0 0 0 0 0 0 0 0 0 0 0 0 0 0
00005553_000.png 0 0 0 0 0 0 0 0 0 0 0 0 0 0
00005553_002.png 0 0 0 0 0 0 0 0 0 0 0 0 0 0
00005563_005.png 0 0 0 0 0 0 0 0 0 0 0 0 0 0
00005564_013.png 0 0 0 0 0 0 0 0 0 0 0 0 0 0
00005567_000.png 0 0 1 0 0 0 1 0 0 0 0 0 0 0
00005567_002.png 1 0 1 0 0 0 1 0 0 0 0 0 0 0
00005567_016.png 0 0 0 0 0 0 1 0 0 0 1 0 0 0
00005567_017.png 0 0 0 0 0 0 1 0 0 0 0 0 0 0
00005567_021.png 0 0 0 0 0 0 0 0 0 0 0 0 0 0
00005569_001.png 0 0 0 0 0 0 0 0 0 0 0 0 0 0
00005572_000.png 0 0 0 0 0 0 0 0 0 0 0 0 0 0
00005580_000.png 0 0 0 0 0 0 0 0 0 0 0 0 0 0
00005584_000.png 0 0 0 0 0 0 0 0 0 0 0 0 0 0
00005587_000.png 0 0 0 0 0 0 0 0 0 0 0 0 0 0
00005593_008.png 0 0 0 0 0 0 0 0 0 0 0 0 0 0
00005595_000.png 0 0 0 0 0 0 0 0 0 0 0 0 0 0
00005600_001.png 0 0 0 0 0 0 0 0 0 0 0 0 0 0
00005600_009.png 0 0 0 0 0 0 0 0 0 0 0 0 0 0
00005600_012.png 0 0 0 0 0 0 0 0 0 0 0 0 0 0
00005607_000.png 0 0 0 0 0 0 0 0 0 0 0 0 0 0
00005609_005.png 0 0 0 0 0 0 0 0 0 0 0 0 0 0
00005609_011.png 0 0 0 0 0 0 0 0 0 0 0 0 0 0
00005609_018.png 0 0 0 0 0 0 0 0 0 0 0 0 0 0
00005615_000.png 0 0 0 0 0 0 0 0 0 0 0 0 0 0
00005618_000.png 1 0 0 0 0 0 1 0 0 0 0 0 0 0
00005619_000.png 0 0 0 1 1 0 1 0 0 0 0 0 0 0
00005620_000.png 0 0 0 0 0 0 0 0 0 0 0 0 0 0
00005624_001.png 0 0 0 0 0 0 0 0 0 0 0 0 0 0
00005625_000.png 0 0 0 0 0 0 0 0 0 0 0 0 0 0
00005626_000.png 0 0 0 0 0 0 0 0 0 0 0 0 0 0
00005636_000.png 0 0 0 0 0 0 0 0 0 0 0 0 0 0
00005638_000.png 0 0 0 0 0 0 1 0 0 0 0 0 0 0
00005639_003.png 0 0 0 0 0 0 1 0 0 0 0 0 0 0
00005639_005.png 0 0 0 0 0 0 0 0 0 0 0 0 0 0
00005643_001.png 0 0 0 0 0 0 0 0 0 0 0 0 0 0
00005643_002.png 0 0 0 0 0 0 0 0 0 0 0 0 0 0
00005645_000.png 0 0 0 0 0 0 0 0 0 0 0 0 0 0
00005646_012.png 0 0 0 0 0 0 0 0 0 0 0 0 0 0
00005646_013.png 0 0 0 0 0 0 0 0 0 0 0 0 0 0
00005646_016.png 0 0 0 0 0 0 0 0 0 0 0 0 0 0
00005647_000.png 0 0 0 0 0 0 0 0 0 0 0 0 0 0
00005647_001.png 0 0 0 0 0 0 0 0 0 0 0 0 0 0
00005648_000.png 0 0 0 0 0 0 0 0 0 0 0 0 0 0
00005653_003.png 1 0 1 1 0 0 1 0 0 0 0 0 0 0
00005658_000.png 0 0 0 0 0 0 0 0 0 0 0 0 0 0
00005663_008.png 0 0 0 0 0 0 0 0 0 0 0 0 0 0
00005667_000.png 0 0 0 0 0 0 0 0 0 0 0 0 0 0
00005672_000.png 0 0 0 0 0 0 0 0 0 0 0 0 0 0
00005673_000.png 0 0 0 0 0 0 0 0 0 0 0 0 0 0
00005673_001.png 0 0 0 0 0 0 0 0 0 0 0 0 0 0
00005673_003.png 0 0 0 0 0 0 1 0 0 0 0 0 0 0
00005679_000.png 0 0 0 0 0 0 0 0 0 0 0 0 0 0
00005680_000.png 0 0 0 0 0 0 0 0 0 0 0 0 0 0
00005681_006.png 0 0 0 1 0 0 1 0 0 0 0 0 0 0
00005681_011.png 0 0 0 0 0 0 0 0 0 0 0 0 0 0
00005681_018.png 0 0 0 0 0 0 1 0 0 0 1 0 0 0
00005681_044.png 0 0 0 0 0 0 0 0 0 0 0 0 0 0
00005681_047.png 0 0 0 0 0 0 0 0 0 0 0 0 0 0
00005684_003.png 0 0 0 0 0 0 0 0 0 0 0 0 0 0
00005684_007.png 0 0 0 0 0 0 0 0 0 0 0 0 0 0
00005693_010.png 0 0 0 0 0 0 0 0 0 0 0 0 0 0
00005699_011.png 0 0 0 0 0 0 0 0 0 0 0 0 0 0
00005700_001.png 0 0 0 0 0 0 0 0 0 0 0 0 0 0
00005702_001.png 0 0 0 0 0 0 0 0 0 0 0 0 0 0
00005703_000.png 0 0 0 0 0 0 0 0 0 0 0 0 0 0
00005711_000.png 0 0 0 0 0 0 0 0 0 0 0 0 0 0
00005712_000.png 0 0 0 0 0 0 0 0 0 0 0 0 0 0
00005712_011.png 0 0 0 1 1 0 1 0 0 1 0 0 0 0
00005712_016.png 0 0 0 0 0 0 0 0 0 0 0 0 0 0
00005712_019.png 0 0 0 0 0 0 1 0 0 1 0 0 0 0
00005712_022.png 0 0 0 1 0 0 1 0 0 1 0 0 0 0
00005712_030.png 0 0 0 1 0 0 1 0 0 0 0 0 0 0
00005717_002.png 0 0 0 0 0 0 0 0 0 0 0 0 0 0
00005722_007.png 0 0 0 0 0 0 0 0 0 0 0 0 0 0
00005722_028.png 0 0 0 0 0 0 0 0 0 0 0 0 0 0
00005722_040.png 0 0 0 0 0 0 0 0 0 0 0 0 0 0
00005723_002.png 0 0 0 0 0 0 0 0 0 0 0 0 0 0
00005729_000.png 0 0 0 0 0 0 0 0 0 0 0 0 0 0
00005730_001.png 0 0 0 0 0 0 0 0 0 0 0 0 0 0
00005730_004.png 0 0 0 0 0 0 0 0 0 0 0 0 0 0
00005730_005.png 0 0 0 0 0 0 0 0 0 0 0 0 0 0
00005731_000.png 0 0 0 0 0 0 0 0 0 0 0 0 0 0
00005732_000.png 0 0 0 0 0 0 0 0 0 0 0 0 0 0
00005735_000.png 0 0 0 0 0 0 0 0 0 0 0 0 0 0
00005737_002.png 0 0 0 0 0 0 0 0 0 0 0 0 0 0
00005741_000.png 0 0 0 0 0 0 0 0 0 0 0 0 0 0
00005744_000.png 0 0 0 0 0 0 0 0 0 0 0 0 0 0
00005745_001.png 0 0 0 0 0 0 0 0 0 0 0 0 0 0
00005746_000.png 0 0 0 0 0 0 0 0 0 0 0 0 0 0
00005750_008.png 0 0 0 0 0 0 0 0 0 0 0 0 0 0
00005750_013.png 0 0 0 0 0 0 0 0 0 0 0 0 0 0
00005750_023.png 0 0 0 0 0 0 0 0 0 0 0 0 0 0
00005750_031.png 0 0 0 0 0 0 0 0 0 0 0 0 0 0
00005754_000.png 0 0 0 0 0 0 0 0 0 0 0 0 0 0
00005756_000.png 0 0 0 0 0 0 0 0 0 0 0 0 0 0
00005759_002.png 0 0 0 0 0 0 0 0 0 0 0 0 0 0
00005759_022.png 0 0 0 0 0 0 0 0 0 0 0 0 0 0
00005759_033.png 0 0 0 0 0 0 0 0 0 0 0 0 0 0
00005762_000.png 0 0 0 0 0 0 0 0 0 0 0 0 0 0
00005762_005.png 0 0 0 0 0 0 0 0 0 0 0 0 0 0
00005763_000.png 0 0 0 0 0 0 0 0 0 0 0 0 0 0
00005763_002.png 0 0 0 0 0 0 0 0 0 0 0 0 0 0
00005764_000.png 0 0 0 0 0 0 0 0 0 0 0 0 0 0
00005766_001.png 0 0 0 0 0 0 0 0 0 0 0 0 0 0
00005766_006.png 0 0 0 0 0 0 0 0 0 0 0 0 0 0
00005768_006.png 0 0 0 0 0 0 0 0 0 0 0 0 0 0
00005770_001.png 0 0 0 0 0 0 0 0 0 0 0 0 0 0
00005770_002.png 0 0 0 0 0 0 0 0 0 0 0 0 0 0
00005770_003.png 0 0 0 0 0 0 0 0 0 0 0 0 0 0
00005773_012.png 0 0 0 0 0 0 0 0 0 0 0 0 0 0
00005778_001.png 0 0 0 0 0 0 1 0 0 0 0 0 0 0
00005778_008.png 0 0 0 0 0 0 0 0 0 0 0 0 0 0
00005791_006.png 1 0 0 0 0 0 1 0 0 0 0 0 0 0
00005791_014.png 0 0 0 0 0 0 0 0 0 0 0 0 0 0
00005792_000.png 0 0 0 0 0 0 0 0 0 0 0 0 0 0
00005794_001.png 0 0 0 0 0 0 0 0 0 0 0 0 0 0
00005799_001.png 0 0 0 0 0 0 0 0 0 0 0 0 0 0
00005801_001.png 0 0 0 0 0 0 0 0 0 0 0 0 0 0
00005804_008.png 0 0 0 0 0 0 0 0 0 0 0 0 0 0
00005806_002.png 0 0 0 0 0 0 1 0 0 1 0 0 0 0
00005807_001.png 0 0 0 0 0 0 0 0 0 0 0 0 0 0
00005808_000.png 1 0 0 1 0 0 1 0 0 0 0 0 0 0
00005809_000.png 0 0 0 0 0 0 0 0 0 0 0 0 0 0
00005811_002.png 0 0 0 0 0 0 0 0 0 0 0 0 0 0
00005812_001.png 0 0 0 0 0 0 0 0 0 0 0 0 0 0
00005814_003.png 0 0 0 0 0 0 0 0 0 0 0 0 0 0
00005814_005.png 0 0 0 0 0 0 0 0 0 0 0 0 0 0
00005817_000.png 0 0 0 0 0 0 0 0 0 0 0 0 0 0
00005821_005.png 0 0 0 0 0 0 0 0 0 0 0 0 0 0
00005821_007.png 0 0 0 0 0 0 0 0 0 0 0 0 0 0
00005822_004.png 0 0 0 0 0 0 0 0 0 0 0 0 0 0
00005828_001.png 0 0 0 0 0 0 0 0 0 0 0 0 0 0
00005832_004.png 0 0 0 0 0 0 0 0 0 0 0 0 0 0
00005832_005.png 0 0 0 0 0 0 0 0 0 0 0 0 0 0
00005832_018.png 0 0 0 0 0 0 0 0 0 0 0 0 0 0
00005832_021.png 0 0 0 0 0 0 0 0 0 0 0 0 0 0
00005832_026.png 0 0 0 1 0 0 1 0 0 0 0 0 0 0
00005832_032.png 0 0 0 0 0 0 0 0 0 0 0 0 0 0
00005841_001.png 0 0 0 0 0 0 0 0 0 0 0 0 0 0
00005843_001.png 0 0 0 0 0 0 0 0 0 0 0 0 0 0
00005843_002.png 0 0 0 0 0 0 0 0 0 0 0 0 0 0
00005843_005.png 0 0 0 0 0 0 0 0 0 0 0 0 0 0
00005845_001.png 0 0 0 0 0 0 0 0 0 0 0 0 0 0
00005845_005.png 0 0 0 0 0 0 0 0 0 0 0 0 0 0
00005847_001.png 0 0 0 0 0 0 0 0 0 0 0 0 0 0
00005853_005.png 0 0 0 0 0 0 0 0 0 0 0 0 0 0
00005863_000.png 0 0 0 0 0 0 0 0 0 0 0 0 0 0
00005870_000.png 0 0 0 0 0 0 0 0 0 0 0 0 0 0
00005878_003.png 0 0 0 0 0 0 0 0 0 0 0 0 0 0
00005890_000.png 0 0 0 0 0 0 0 0 0 0 0 0 0 0
00005892_001.png 0 0 0 0 0 0 1 0 0 0 0 0 0 0
00005892_008.png 0 0 0 0 0 0 0 0 0 0 0 0 0 0
00005892_009.png 0 0 0 0 0 0 0 0 0 0 0 0 0 0
00005892_011.png 0 0 0 0 0 0 0 0 0 0 0 0 0 0
00005895_026.png 0 0 0 0 0 0 0 0 0 0 0 0 0 0
00005898_000.png 0 0 0 0 0 0 0 0 0 0 0 0 0 0
00005903_001.png 0 0 0 0 0 0 0 0 0 0 0 0 0 0
00005907_003.png 0 0 0 0 0 0 0 0 0 0 0 0 0 0
00005907_008.png 0 0 0 0 0 0 0 0 0 0 0 0 0 0
00005909_004.png 0 0 0 0 0 0 0 0 0 0 0 0 0 0
00005913_001.png 0 0 0 0 0 0 0 0 0 0 0 0 0 0
00005914_000.png 0 0 0 0 0 0 0 0 0 0 0 0 0 0
00005926_000.png 0 0 0 0 0 0 0 0 0 0 0 0 0 0
00005927_000.png 0 0 0 0 0 0 0 0 0 0 0 0 0 0
00005927_006.png 1 0 0 1 0 0 1 0 0 0 0 0 0 0
00005927_007.png 0 0 0 0 0 0 0 0 0 0 0 0 0 0
00005930_001.png 0 0 0 0 0 0 0 0 0 0 0 0 0 0
00005931_000.png 0 0 0 0 0 0 0 0 0 0 0 0 0 0
00005933_000.png 0 0 0 0 0 0 0 0 0 0 0 0 0 0
00005934_001.png 0 0 0 0 0 0 0 0 0 0 0 0 0 0
00005937_000.png 0 0 0 0 0 0 0 0 0 0 0 0 0 0
00005938_000.png 0 0 0 0 0 0 0 0 0 0 0 0 0 0
00005939_000.png 0 0 0 0 0 0 0 0 0 0 0 0 0 0
00005941_000.png 0 0 0 0 0 0 0 0 0 0 0 0 0 0
00005954_004.png 0 0 0 0 0 0 0 0 0 0 0 0 0 0
00005954_006.png 0 0 0 0 0 0 0 0 0 0 0 0 0 0
00005955_000.png 0 0 0 0 0 0 0 0 0 0 0 0 0 0
00005959_000.png 0 0 0 0 0 0 0 0 0 0 0 0 0 0
00005962_003.png 0 0 0 0 0 0 0 0 0 0 0 0 0 0
00005962_010.png 0 0 0 0 0 0 0 0 0 0 0 0 0 0
00005962_016.png 0 0 0 0 0 0 0 0 0 0 0 0 0 0
00005963_005.png 0 0 0 0 0 0 0 0 0 0 0 0 0 0
00005963_006.png 0 0 0 0 0 0 0 0 0 0 0 0 0 0
00005963_012.png 0 0 0 0 0 0 0 0 0 0 0 0 0 0
00005963_017.png 0 0 0 0 0 0 0 0 0 0 0 0 0 0
00005963_018.png 0 0 0 0 0 0 0 0 0 0 0 0 0 0
00005963_022.png 0 0 0 0 0 0 0 0 0 0 0 0 0 0
00005963_025.png 0 0 0 0 0 0 1 0 0 0 0 0 0 0
00005965_000.png 0 0 0 0 0 0 0 0 0 0 0 0 0 0
00005966_004.png 1 0 0 0 0 0 1 0 0 0 0 0 0 0
00005966_008.png 0 0 0 0 0 0 0 0 0 0 0 0 0 0
00005970_001.png 0 0 0 0 0 0 0 0 0 0 0 0 0 0
00005970_003.png 0 0 0 0 0 0 0 0 0 0 0 0 0 0
00005976_003.png 0 0 0 0 0 0 0 0 0 0 0 0 0 0
00005977_005.png 0 0 0 0 0 0 0 0 0 0 0 0 0 0
00005977_008.png 0 0 0 0 0 0 0 0 0 0 0 0 0 0
00005977_009.png 0 0 0 0 0 0 0 0 0 0 0 0 0 0
00005980_001.png 0 0 0 0 0 0 0 0 0 0 0 0 0 0
00005982_004.png 0 0 0 0 0 0 0 0 0 0 0 0 0 0
00005982_007.png 0 0 0 0 0 0 0 0 0 0 0 0 0 0
00005986_009.png 0 0 0 0 0 0 0 0 0 0 0 0 0 0
00005986_020.png 0 0 0 0 0 0 0 0 0 0 0 0 0 0
00005986_024.png 0 0 0 0 0 0 0 0 0 0 0 0 0 0
00005987_003.png 0 0 0 0 0 0 0 0 0 0 0 0 0 0
00005987_004.png 0 0 0 0 0 0 0 0 0 0 0 0 0 0
00005991_000.png 0 0 0 0 0 0 0 0 0 0 0 0 0 0
00005991_006.png 0 0 0 0 0 0 0 0 0 0 0 0 0 0
00005993_010.png 0 0 0 0 0 0 0 0 0 0 0 0 0 0
00005997_002.png 0 0 0 0 0 0 0 0 0 0 0 0 0 0
00005998_000.png 0 0 0 0 0 0 0 0 0 0 0 0 0 0
00005998_003.png 0 0 0 0 0 0 0 0 0 0 0 0 0 0
00006000_000.png 0 0 0 0 0 0 0 0 0 0 0 0 0 0
00006004_000.png 0 0 0 0 0 0 0 0 0 0 0 0 0 0
00006006_004.png 0 0 0 0 0 0 0 0 0 0 0 0 0 0
00006006_007.png 0 0 0 0 0 0 0 0 0 0 0 0 0 0
00006008_005.png 0 0 1 0 0 0 1 0 0 0 0 0 0 0
00006008_010.png 0 0 1 1 0 0 1 0 0 0 0 0 0 0
00006008_013.png 0 0 0 0 0 0 0 0 0 0 0 0 0 0
00006009_000.png 0 0 0 0 0 0 0 0 0 0 0 0 0 0
00006011_002.png 0 0 0 0 0 0 0 0 0 0 0 0 0 0
00006011_003.png 0 0 0 0 0 0 0 0 0 0 0 0 0 0
00006014_000.png 0 0 0 0 0 0 0 0 0 0 0 0 0 0
00006016_000.png 0 0 0 0 0 0 0 0 0 0 0 0 0 0
00006019_002.png 0 0 0 0 0 0 0 0 0 0 0 0 0 0
00006022_001.png 0 0 0 0 0 0 0 0 0 0 0 0 0 0
00006023_003.png 0 0 0 0 0 0 0 0 0 0 0 0 0 0
00006024_001.png 0 0 0 0 0 0 0 0 0 0 0 0 0 0
00006024_004.png 0 0 0 0 0 0 0 0 0 0 0 0 0 0
00006024_007.png 0 0 0 0 0 0 0 0 0 0 0 0 0 0
00006024_012.png 0 0 0 1 0 0 1 0 0 0 0 0 0 0
00006028_000.png 0 0 0 0 0 0 0 0 0 0 0 0 0 0
00006030_006.png 0 0 0 0 0 0 0 0 0 0 0 0 0 0
00006033_001.png 0 0 0 0 0 0 0 0 0 0 0 0 0 0
00006035_000.png 0 0 0 0 0 0 0 0 0 0 0 0 0 0
00006040_000.png 0 0 0 0 0 0 0 0 0 0 0 0 0 0
00006041_007.png 0 0 0 0 0 0 0 0 0 0 0 0 0 0
00006043_004.png 0 0 0 0 0 0 0 0 0 0 0 0 0 0
00006044_001.png 0 0 0 0 0 0 0 0 0 0 0 0 0 0
00006044_004.png 0 0 0 0 0 0 0 0 0 0 0 0 0 0
00006047_000.png 0 0 0 0 0 0 0 0 0 0 0 0 0 0
00006051_006.png 0 0 0 0 0 0 0 0 0 0 0 0 0 0
00006052_000.png 0 0 0 0 0 0 0 0 0 0 0 0 0 0
00006052_001.png 0 0 0 0 0 0 0 0 0 0 0 0 0 0
00006053_000.png 0 0 0 0 0 0 0 0 0 0 0 0 0 0
00006054_001.png 0 0 0 0 0 0 0 0 0 0 0 0 0 0
00006058_000.png 0 0 0 0 0 0 0 0 0 0 0 0 0 0
00006058_003.png 0 0 0 0 0 0 0 0 0 0 0 0 0 0
00006070_004.png 0 0 0 0 0 0 0 0 0 0 0 0 0 0
00006079_000.png 0 0 0 0 0 0 0 0 0 0 0 0 0 0
00006084_004.png 0 0 0 0 0 0 0 0 0 0 0 0 0 0
00006089_000.png 0 0 0 0 0 0 0 0 0 0 0 0 0 0
00006090_001.png 0 0 0 0 0 0 0 0 0 0 0 0 0 0
00006096_004.png 0 0 0 0 0 0 0 0 0 0 0 0 0 0
00006096_008.png 0 0 0 0 0 0 0 0 0 0 0 0 0 0
00006096_009.png 0 0 0 0 0 0 0 0 0 0 0 0 0 0
00006097_003.png 0 0 0 0 0 0 0 0 0 0 0 0 0 0
00006098_001.png 0 0 0 0 0 0 0 0 0 0 0 0 0 0
00006098_005.png 0 0 0 0 0 0 0 0 0 0 0 0 0 0
00006100_001.png 0 0 0 0 0 0 0 0 0 0 0 0 0 0
00006116_001.png 0 0 0 0 0 0 0 0 0 0 0 0 0 0
00006120_000.png 0 0 0 0 0 0 0 0 0 0 0 0 0 0
00006123_001.png 0 0 0 0 0 0 0 0 0 0 0 0 0 0
00006125_000.png 0 0 0 0 0 0 0 0 0 0 0 0 0 0
00006132_000.png 0 0 0 0 0 0 0 0 0 0 0 0 0 0
00006138_003.png 0 0 0 0 0 0 0 0 0 0 0 0 0 0
00006140_000.png 0 0 0 0 0 0 0 0 0 0 0 0 0 0
00006142_004.png 0 0 0 0 0 0 0 0 0 0 0 0 0 0
00006143_000.png 0 0 0 0 0 0 0 0 0 0 0 0 0 0
00006144_000.png 0 0 0 0 0 0 0 0 0 0 0 0 0 0
00006146_000.png 0 0 0 0 0 0 0 0 0 0 0 0 0 0
00006149_000.png 0 0 0 0 0 0 0 0 0 0 0 0 0 0
00006149_001.png 0 0 0 0 0 0 0 0 0 0 0 0 0 0
00006150_005.png 0 0 0 0 0 0 0 0 0 0 0 0 0 0
00006158_001.png 0 0 0 0 0 0 0 0 0 0 0 0 0 0
00006159_000.png 0 0 0 0 0 0 0 0 0 0 0 0 0 0
00006160_017.png 0 0 0 0 0 0 0 0 0 0 0 0 0 0
00006162_001.png 0 0 0 0 0 0 0 0 0 0 0 0 0 0
00006162_008.png 0 0 0 1 0 0 1 0 0 0 0 0 0 0
00006163_000.png 0 0 0 0 0 0 0 0 0 0 0 0 0 0
00006183_000.png 0 0 0 0 0 0 0 0 0 0 0 0 0 0
00006192_005.png 0 0 0 0 0 0 0 0 0 0 0 0 0 0
00006192_008.png 0 0 0 0 0 0 0 0 0 0 0 0 0 0
00006192_011.png 0 0 0 0 0 0 0 0 0 0 0 0 0 0
00006196_000.png 0 0 0 0 0 0 0 0 0 0 0 0 0 0
00006199_012.png 0 0 0 0 0 0 0 0 0 0 0 0 0 0
00006204_002.png 0 0 0 0 0 0 0 0 0 0 0 0 0 0
00006207_003.png 0 0 0 0 0 0 0 0 0 0 0 0 0 0
00006208_002.png 0 0 0 0 0 0 0 0 0 0 0 0 0 0
00006208_004.png 0 0 0 0 0 0 0 0 0 0 0 0 0 0
00006208_005.png 0 0 0 0 0 0 0 0 0 0 0 0 0 0
00006208_006.png 0 0 0 0 0 0 0 0 0 0 0 0 0 0
00006209_002.png 0 0 0 0 0 0 0 0 0 0 0 0 0 0
00006210_000.png 0 0 0 0 0 0 0 0 0 0 0 0 0 0
00006210_002.png 0 0 0 0 0 0 0 0 0 0 0 0 0 0
00006211_000.png 0 0 0 0 0 0 0 0 0 0 0 0 0 0
00006215_012.png 0 0 0 1 0 0 1 0 0 0 0 0 0 0
00006220_001.png 0 0 0 0 0 0 0 0 0 0 0 0 0 0
00006220_007.png 0 0 0 0 0 0 0 0 0 0 0 0 0 0
00006229_002.png 0 0 0 0 0 0 0 0 0 0 0 0 0 0
00006230_006.png 0 0 0 0 0 0 0 0 0 0 0 0 0 0
00006230_011.png 0 0 0 0 0 0 0 0 0 0 0 0 0 0
00006230_014.png 0 0 0 0 0 0 0 0 0 0 0 0 0 0
00006236_000.png 0 0 0 0 0 0 0 0 0 0 0 0 0 0
00006237_000.png 0 0 0 0 0 0 0 0 0 0 0 0 0 0
00006237_015.png 0 0 0 0 0 0 0 0 0 0 0 0 0 0
00006237_020.png 0 0 0 0 0 0 0 0 0 0 0 0 0 0
00006240_000.png 0 0 0 0 0 0 0 0 0 0 0 0 0 0
00006252_002.png 0 0 0 0 0 0 0 0 0 0 0 0 0 0
00006253_000.png 0 0 0 0 0 0 0 0 0 0 0 0 0 0
00006253_001.png 0 0 0 0 0 0 0 0 0 0 0 0 0 0
00006255_000.png 0 0 0 0 0 0 0 0 0 0 0 0 0 0
00006255_001.png 0 0 0 0 0 0 0 0 0 0 0 0 0 0
00006255_007.png 0 0 0 0 0 0 0 0 0 0 0 0 0 0
00006256_000.png 0 0 0 0 0 0 0 0 0 0 0 0 0 0
00006260_001.png 0 0 0 0 0 0 1 0 0 0 0 0 0 0
00006260_008.png 0 0 0 1 0 0 1 0 0 0 0 0 0 0
00006261_000.png 0 0 0 0 0 0 0 0 0 0 0 0 0 0
00006270_006.png 0 0 0 0 0 0 0 0 0 0 0 0 0 0
00006271_008.png 0 0 0 0 0 0 0 0 0 0 0 0 0 0
00006271_056.png 0 0 0 0 0 0 0 0 0 0 0 0 0 0
00006271_068.png 0 0 0 0 0 0 0 0 0 0 0 0 0 0
00006271_075.png 0 0 0 0 0 0 0 0 0 0 0 0 0 0
00006271_078.png 0 0 0 0 0 0 0 0 0 0 0 0 0 0
00006271_081.png 0 0 0 0 0 0 0 0 0 0 0 0 0 0
00006271_087.png 0 0 0 0 0 0 0 0 0 0 0 0 0 0
00006273_000.png 0 0 0 0 0 0 0 0 0 0 0 0 0 0
00006276_000.png 0 0 0 0 0 0 0 0 0 0 0 0 0 0
00006276_001.png 0 0 0 0 0 0 0 0 0 0 0 0 0 0
00006281_003.png 0 0 0 0 0 0 0 0 0 0 0 0 0 0
00006282_002.png 0 0 0 0 0 0 0 0 0 0 0 0 0 0
00006282_003.png 0 0 0 0 0 0 0 0 0 0 0 0 0 0
00006282_007.png 1 0 0 1 0 0 1 0 0 0 0 0 0 0
00006284_005.png 0 0 0 0 0 0 0 0 0 0 0 0 0 0
00006289_005.png 0 0 0 0 0 0 1 0 0 0 0 0 0 0
00006294_001.png 0 0 0 0 0 0 0 0 0 0 0 0 0 0
00006296_000.png 0 0 0 0 0 0 0 0 0 0 0 0 0 0
00006296_003.png 0 0 0 0 0 0 0 0 0 0 0 0 0 0
00006296_004.png 0 0 0 0 0 0 0 0 0 0 0 0 0 0
00006296_023.png 0 0 0 1 0 0 1 0 0 0 0 0 0 0
00006296_032.png 0 0 0 0 0 0 1 0 0 0 0 0 0 0
00006296_037.png 0 0 0 0 0 0 0 0 0 0 0 0 0 0
00006297_000.png 0 0 0 0 0 0 0 0 0 0 0 0 0 0
00006298_003.png 0 0 1 0 0 0 1 0 0 0 0 0 0 0
00006298_006.png 0 0 0 0 0 0 0 0 0 0 0 0 0 0
00006299_001.png 0 0 0 0 0 0 0 0 0 0 0 0 0 0
00006299_002.png 0 0 0 0 0 0 0 0 0 0 0 0 0 0
00006304_000.png 0 0 0 0 0 0 0 0 0 0 0 0 0 0
00006304_020.png 0 0 0 0 0 0 0 0 0 0 0 0 0 0
00006304_026.png 0 0 0 1 0 0 1 0 0 1 0 0 0 0
00006304_028.png 0 0 0 1 0 0 1 0 0 1 0 0 0 0
00006304_042.png 0 0 0 0 0 0 0 0 0 0 0 0 0 0
00006308_006.png 0 0 0 0 0 0 0 0 0 0 0 0 0 0
00006312_000.png 0 0 0 0 0 0 0 0 0 0 0 0 0 0
00006318_011.png 0 0 0 0 0 0 0 0 0 0 0 0 0 0
00006321_000.png 0 0 0 0 0 0 0 0 0 0 0 0 0 0
00006323_004.png 0 0 0 0 0 0 0 0 0 0 0 0 0 0
00006325_008.png 0 0 0 0 0 0 0 0 0 0 0 0 0 0
00006327_001.png 0 0 0 0 0 0 0 0 0 0 0 0 0 0
00006329_008.png 0 0 0 0 0 0 0 0 0 0 0 0 0 0
00006330_001.png 0 0 0 0 0 0 0 0 0 0 0 0 0 0
00006330_004.png 0 0 0 0 0 0 0 0 0 0 0 0 0 0
00006331_001.png 0 0 0 0 0 0 0 0 0 0 0 0 0 0
00006331_003.png 0 0 0 0 0 0 0 0 0 0 0 0 0 0
00006331_004.png 0 0 0 0 0 0 0 0 0 0 0 0 0 0
00006332_002.png 0 0 0 0 0 0 0 0 0 0 0 0 0 0
00006332_009.png 0 0 0 0 0 0 0 0 0 0 0 0 0 0
00006336_001.png 0 0 0 0 0 0 0 0 0 0 0 0 0 0
00006337_000.png 0 0 0 0 0 0 0 0 0 0 0 0 0 0
00006339_001.png 0 0 0 0 0 0 0 0 0 0 0 0 0 0
00006346_000.png 0 0 0 0 0 0 0 0 0 0 0 0 0 0
00006346_001.png 0 0 0 0 0 0 0 0 0 0 0 0 0 0
00006348_001.png 0 0 0 0 0 0 0 0 0 0 0 0 0 0
00006349_000.png 0 0 0 0 0 0 0 0 0 0 0 0 0 0
00006352_000.png 0 0 0 0 0 0 0 0 0 0 0 0 0 0
00006353_000.png 0 0 0 0 0 0 0 0 0 0 0 0 0 0
00006355_004.png 0 0 0 0 0 0 0 0 0 0 0 0 0 0
00006360_004.png 0 0 0 0 0 0 0 0 0 0 0 0 0 0
00006362_001.png 0 0 0 0 0 0 0 0 0 0 0 0 0 0
00006372_007.png 0 0 0 0 0 0 0 0 0 0 0 0 0 0
00006374_000.png 0 0 0 0 0 0 0 0 0 0 0 0 0 0
00006381_001.png 0 0 0 0 0 0 0 0 0 0 0 0 0 0
00006381_002.png 0 0 0 0 0 0 0 0 0 0 0 0 0 0
00006381_015.png 0 0 0 0 0 0 0 0 0 0 0 0 0 0
00006382_001.png 0 0 0 0 0 0 0 0 0 0 0 0 0 0
00006383_005.png 0 0 0 0 0 0 0 0 0 0 0 0 0 0
00006383_010.png 0 0 0 0 0 0 0 0 0 0 0 0 0 0
00006386_001.png 0 0 0 0 0 0 0 0 0 0 0 0 0 0
00006392_002.png 0 0 0 0 0 0 0 0 0 0 0 0 0 0
00006400_000.png 0 0 0 0 0 0 0 0 0 0 0 0 0 0
00006408_000.png 1 0 0 0 0 0 1 0 0 0 0 0 0 0
00006411_008.png 0 0 0 0 0 0 0 0 0 0 0 0 0 0
00006411_012.png 0 0 0 0 0 0 0 0 0 0 0 0 0 0
00006411_026.png 0 0 0 0 0 0 0 0 0 0 0 0 0 0
00006413_000.png 0 0 0 0 0 0 0 0 0 0 0 0 0 0
00006416_008.png 0 0 0 0 0 0 0 0 0 0 0 0 0 0
00006424_000.png 0 0 0 0 0 0 0 0 0 0 0 0 0 0
00006430_000.png 0 0 0 0 0 0 0 0 0 0 0 0 0 0
00006431_000.png 0 0 0 0 0 0 0 0 0 0 0 0 0 0
00006432_000.png 0 0 0 0 0 0 0 0 0 0 0 0 0 0
00006437_000.png 0 0 0 0 0 0 0 0 0 0 0 0 0 0
00006438_000.png 0 0 0 0 0 0 0 0 0 0 0 0 0 0
00006445_000.png 0 0 0 0 0 0 0 0 0 0 0 0 0 0
00006445_001.png 0 0 0 0 0 0 0 0 0 0 0 0 0 0
00006446_008.png 0 0 0 1 0 0 1 0 0 0 0 0 0 0
00006446_009.png 0 0 0 1 0 0 1 0 0 1 0 0 0 0
00006447_003.png 0 0 0 0 0 0 0 0 0 0 0 0 0 0
00006450_004.png 0 0 0 0 0 0 0 0 0 0 0 0 0 0
00006450_005.png 0 0 0 0 0 0 0 0 0 0 0 0 0 0
00006450_006.png 0 0 0 0 0 0 0 0 0 0 0 0 0 0
00006450_010.png 0 0 0 0 0 0 0 0 0 0 0 0 0 0
00006451_001.png 0 0 0 0 0 0 0 0 0 0 0 0 0 0
00006455_000.png 0 0 0 0 0 0 0 0 0 0 0 0 0 0
00006459_000.png 0 0 0 0 0 0 0 0 0 0 0 0 0 0
00006460_000.png 0 0 0 0 0 0 0 0 0 0 0 0 0 0
00006461_000.png 0 0 0 0 0 0 0 0 0 0 0 0 0 0
00006462_003.png 0 0 0 0 0 0 0 0 0 0 0 0 0 0
00006462_004.png 0 0 0 0 0 0 0 0 0 0 0 0 0 0
00006467_000.png 0 0 0 0 0 0 0 0 0 0 0 0 0 0
00006467_002.png 0 0 0 0 0 0 0 0 0 0 0 0 0 0
00006468_002.png 0 0 0 0 0 0 0 0 0 0 0 0 0 0
00006468_003.png 0 0 0 0 0 0 0 0 0 0 0 0 0 0
00006470_000.png 0 0 0 0 0 0 0 0 0 0 0 0 0 0
00006471_001.png 0 0 0 0 0 0 0 0 0 0 0 0 0 0
00006475_000.png 0 0 0 0 0 0 0 0 0 0 0 0 0 0
00006479_005.png 0 0 0 0 0 0 0 0 0 0 0 0 0 0
00006479_006.png 1 0 0 0 0 0 1 0 0 0 0 0 0 0
00006481_019.png 0 0 0 0 0 0 0 0 0 0 0 0 0 0
00006485_001.png 0 0 0 0 0 0 0 0 0 0 0 0 0 0
00006490_005.png 0 0 0 1 0 0 1 0 0 1 0 0 0 0
00006490_006.png 0 0 0 0 0 0 1 0 0 0 0 0 0 0
00006491_002.png 0 0 0 0 0 0 0 0 0 0 0 0 0 0
00006492_001.png 0 0 0 0 0 0 0 0 0 0 0 0 0 0
00006497_000.png 0 0 0 0 0 0 0 0 0 0 0 0 0 0
00006498_001.png 0 0 0 0 0 0 0 0 0 0 0 0 0 0
00006498_002.png 0 0 0 0 0 0 0 0 0 0 0 0 0 0
00006499_001.png 0 0 0 0 0 0 0 0 0 0 0 0 0 0
00006499_002.png 0 0 0 0 0 0 0 0 0 0 0 0 0 0
00006500_000.png 0 0 0 0 0 0 0 0 0 0 0 0 0 0
00006500_004.png 0 0 0 0 0 0 0 0 0 0 0 0 0 0
00006504_005.png 0 0 0 0 0 0 0 0 0 0 0 0 0 0
00006506_001.png 0 0 0 0 0 0 0 0 0 0 0 0 0 0
00006507_000.png 0 0 0 0 0 0 0 0 0 0 0 0 0 0
00006509_000.png 0 0 0 0 0 0 0 0 0 0 0 0 0 0
00006517_009.png 0 0 0 0 0 0 0 0 0 0 0 0 0 0
00006517_010.png 0 0 0 0 0 0 0 0 0 0 0 0 0 0
00006519_004.png 0 0 0 0 0 0 0 0 0 0 0 0 0 0
00006519_006.png 0 0 0 0 0 0 0 0 0 0 0 0 0 0
00006519_014.png 0 0 0 0 0 0 0 0 0 0 0 0 0 0
00006519_015.png 0 0 0 0 0 0 1 0 0 1 0 0 0 0
00006519_016.png 0 0 0 0 0 0 1 0 0 1 0 0 0 0
00006520_000.png 0 0 0 0 0 0 0 0 0 0 0 0 0 0
00006522_000.png 0 0 0 0 0 0 0 0 0 0 0 0 0 0
00006522_001.png 0 0 0 0 0 0 0 0 0 0 0 0 0 0
00006522_006.png 0 0 0 0 0 0 0 0 0 0 0 0 0 0
00006524_001.png 0 0 0 0 0 0 0 0 0 0 0 0 0 0
00006529_002.png 0 0 0 0 0 0 0 0 0 0 0 0 0 0
00006530_000.png 0 0 0 0 0 0 0 0 0 0 0 0 0 0
00006546_001.png 0 0 0 0 0 0 0 0 0 0 0 0 0 0
00006547_000.png 0 0 0 0 0 0 0 0 0 0 0 0 0 0
00006548_000.png 0 0 0 0 0 0 0 0 0 0 0 0 0 0
00006553_002.png 0 0 0 0 0 0 0 0 0 0 0 0 0 0
00006557_000.png 0 0 0 0 0 0 0 0 0 0 0 0 0 0
00006560_000.png 0 0 0 0 0 0 0 0 0 0 0 0 0 0
00006561_000.png 0 0 0 0 0 0 0 0 0 0 0 0 0 0
00006567_000.png 0 0 0 0 0 0 0 0 0 0 0 0 0 0
00006571_003.png 0 0 0 0 0 0 0 0 0 0 0 0 0 0
00006571_004.png 0 0 0 0 0 0 0 0 0 0 0 0 0 0
00006572_000.png 0 0 0 0 0 0 0 0 0 0 0 0 0 0
00006576_000.png 0 0 0 0 0 0 0 0 0 0 0 0 0 0
00006579_000.png 0 0 0 0 0 0 0 0 0 0 0 0 0 0
00006580_000.png 0 1 0 0 0 0 1 0 0 0 0 0 0 0
00006581_000.png 0 0 0 0 0 0 0 0 0 0 0 0 0 0
00006585_004.png 0 0 0 0 0 0 0 0 0 0 0 0 0 0
00006585_006.png 0 0 0 0 0 0 0 0 0 0 0 0 0 0
00006588_005.png 0 0 0 0 0 0 0 0 0 0 0 0 0 0
00006591_000.png 0 0 0 0 0 0 0 0 0 0 0 0 0 0
00006596_004.png 0 0 0 0 0 0 0 0 0 0 0 0 0 0
00006596_008.png 0 0 0 0 0 0 0 0 0 0 0 0 0 0
00006598_000.png 0 0 0 0 0 0 0 0 0 0 0 0 0 0
00006605_005.png 0 0 0 0 0 0 0 0 0 0 0 0 0 0
00006605_008.png 0 0 0 1 0 0 1 1 0 0 0 0 0 0
00006605_028.png 0 0 0 0 0 0 0 0 0 0 0 0 0 0
00006605_034.png 0 0 0 0 0 0 0 0 0 0 0 0 0 0
00006607_000.png 0 0 0 0 0 0 0 0 0 0 0 0 0 0
00006609_000.png 0 0 0 0 0 0 0 0 0 0 0 0 0 0
00006612_001.png 0 0 0 0 0 0 0 0 0 0 0 0 0 0
00006614_001.png 0 0 0 0 0 0 0 0 0 0 0 0 0 0
00006622_000.png 0 0 0 0 0 0 0 0 0 0 0 0 0 0
00006625_000.png 0 0 0 0 0 0 0 0 0 0 0 0 0 0
00006627_000.png 0 0 0 0 0 0 0 0 0 0 0 0 0 0
00006632_002.png 0 0 0 0 0 0 0 0 0 0 0 0 0 0
00006632_004.png 0 0 0 0 0 0 0 0 0 0 0 0 0 0
00006632_005.png 0 0 0 0 0 0 0 0 0 0 0 0 0 0
00006642_016.png 0 0 0 0 0 0 0 0 0 0 0 0 0 0
00006643_000.png 0 0 0 0 0 0 0 0 0 0 0 0 0 0
00006652_000.png 0 0 0 0 0 0 0 0 0 0 0 0 0 0
00006653_010.png 0 0 0 0 0 0 0 0 0 0 0 0 0 0
00006657_000.png 0 0 0 0 0 0 0 0 0 0 0 0 0 0
00006660_000.png 0 0 0 0 0 0 0 0 0 0 0 0 0 0
00006661_000.png 0 0 0 0 0 0 0 0 0 0 0 0 0 0
00006666_000.png 0 0 0 0 0 0 0 0 0 0 0 0 0 0
00006668_000.png 0 0 0 0 0 0 0 0 0 0 0 0 0 0
00006670_000.png 0 0 0 0 0 0 0 0 0 0 0 0 0 0
00006670_003.png 0 0 0 0 0 0 0 0 0 0 0 0 0 0
00006670_005.png 0 0 0 0 0 0 0 0 0 0 0 0 0 0
00006670_010.png 0 0 0 0 0 0 0 0 0 0 0 0 0 0
00006670_013.png 0 0 0 0 0 0 0 0 0 0 0 0 0 0
00006670_018.png 0 0 0 0 0 0 0 0 0 0 0 0 0 0
00006671_000.png 0 0 0 0 0 0 0 0 0 0 0 0 0 0
00006672_000.png 0 0 0 0 0 0 0 0 0 0 0 0 0 0
00006674_000.png 0 0 0 0 0 0 0 0 0 0 0 0 0 0
00006674_002.png 0 0 0 0 0 0 0 0 0 0 0 0 0 0
00006674_003.png 0 0 0 0 0 0 0 0 0 0 0 0 0 0
00006674_010.png 0 0 0 0 0 0 0 0 0 0 0 0 0 0
00006675_000.png 0 0 0 0 0 0 0 0 0 0 0 0 0 0
00006677_000.png 0 0 0 0 0 0 0 0 0 0 0 0 0 0
00006679_018.png 0 0 0 0 0 0 0 0 0 0 0 0 0 0
00006682_000.png 0 0 0 0 0 0 0 0 0 0 0 0 0 0
00006683_000.png 0 0 0 0 0 0 0 0 0 0 0 0 0 0
00006684_000.png 0 0 0 0 0 0 0 0 0 0 0 0 0 0
00006685_000.png 0 0 0 0 0 0 0 0 0 0 0 0 0 0
00006688_000.png 0 0 0 0 0 0 0 0 0 0 0 0 0 0
00006695_001.png 0 0 0 0 0 0 0 0 0 0 0 0 0 0
00006695_005.png 0 0 0 0 0 0 0 0 0 0 0 0 0 0
00006695_007.png 0 0 0 0 0 0 0 0 0 0 0 0 0 0
00006697_007.png 0 0 0 0 0 0 0 0 0 0 0 0 0 0
00006697_012.png 1 0 0 0 0 0 1 0 0 0 0 0 0 0
00006697_014.png 0 0 0 1 0 0 1 0 0 0 0 0 0 0
00006699_003.png 0 0 0 0 0 0 0 0 0 0 0 0 0 0
00006700_003.png 0 0 0 0 0 0 0 0 0 0 0 0 0 0
00006703_006.png 0 0 0 0 0 0 0 0 0 0 0 0 0 0
00006705_003.png 0 0 0 0 0 0 0 0 0 0 0 0 0 0
00006705_005.png 0 0 0 0 0 0 0 0 0 0 0 0 0 0
00006706_003.png 0 0 0 0 0 0 0 0 0 0 0 0 0 0
00006707_000.png 0 0 0 0 0 0 0 0 0 0 0 0 0 0
00006713_001.png 1 0 0 0 0 0 1 0 0 0 0 0 0 0
00006713_002.png 0 0 0 0 0 0 0 0 0 0 0 0 0 0
00006717_007.png 0 0 0 0 0 0 1 0 0 0 0 0 0 0
00006720_006.png 0 0 0 0 0 0 0 0 0 0 0 0 0 0
00006724_002.png 0 0 0 0 0 0 0 0 0 0 0 0 0 0
00006727_004.png 0 0 0 0 0 0 0 0 0 0 0 0 0 0
00006729_000.png 0 0 0 0 0 0 0 0 0 0 0 0 0 0
00006738_007.png 0 0 0 0 0 0 0 0 0 0 0 0 0 0
00006738_008.png 0 0 0 0 0 0 0 0 0 0 0 0 0 0
00006739_001.png 0 0 0 0 0 0 0 0 0 0 0 0 0 0
00006739_002.png 0 0 0 0 0 0 0 0 0 0 0 0 0 0
00006740_000.png 0 0 0 0 0 0 0 0 0 0 0 0 0 0
00006745_000.png 0 0 0 0 0 0 0 0 0 0 0 0 0 0
00006750_000.png 0 0 0 0 0 0 0 0 0 0 0 0 0 0
00006752_007.png 0 0 0 0 0 0 0 0 0 0 0 0 0 0
00006753_000.png 0 0 0 0 0 0 0 0 0 0 0 0 0 0
00006754_003.png 0 0 0 0 0 0 0 0 0 0 0 0 0 0
00006759_000.png 0 0 0 0 0 0 0 0 0 0 0 0 0 0
00006759_001.png 0 0 0 0 0 0 1 0 0 0 0 0 0 0
00006762_001.png 0 0 0 0 0 0 0 0 0 0 0 0 0 0
00006763_001.png 0 0 0 0 0 0 0 0 0 0 0 0 0 0
00006763_005.png 0 0 0 0 0 0 0 0 0 0 0 0 0 0
00006769_005.png 0 0 0 0 0 0 0 0 0 0 0 0 0 0
00006769_019.png 0 0 0 0 0 0 0 0 0 0 0 0 0 0
00006770_000.png 0 0 0 0 0 0 0 0 0 0 0 0 0 0
00006774_000.png 0 0 0 0 0 0 0 0 0 0 0 0 0 0
00006784_001.png 0 0 0 0 0 0 0 0 0 0 0 0 0 0
00006785_000.png 0 0 0 0 0 0 0 0 0 0 0 0 0 0
00006785_002.png 0 0 0 0 0 0 0 0 0 0 0 0 0 0
00006789_000.png 0 0 0 0 0 0 0 0 0 0 0 0 0 0
00006791_003.png 0 0 0 0 0 0 0 0 0 0 0 0 0 0
00006792_000.png 0 0 0 0 0 0 0 0 0 0 0 0 0 0
00006793_000.png 0 0 0 0 0 0 0 0 0 0 0 0 0 0
00006797_001.png 0 0 0 0 0 0 0 0 0 0 0 0 0 0
00006798_000.png 0 0 0 0 0 0 0 0 0 0 0 0 0 0
00006799_000.png 0 0 0 0 0 0 0 0 0 0 0 0 0 0
00006800_000.png 0 0 0 0 0 0 0 0 0 0 0 0 0 0
00006803_000.png 0 0 0 0 0 0 0 0 0 0 0 0 0 0
00006805_002.png 0 0 0 0 0 0 0 0 0 0 0 0 0 0
00006808_006.png 0 0 0 0 0 0 0 0 0 0 0 0 0 0
00006808_018.png 0 0 0 0 0 0 0 0 0 0 0 0 0 0
00006810_000.png 0 0 0 0 0 0 0 0 0 0 0 0 0 0
00006811_000.png 0 0 0 0 0 0 0 0 0 0 0 0 0 0
00006822_000.png 1 0 0 0 0 0 1 0 0 0 0 0 0 0
00006824_001.png 0 0 0 0 0 0 0 0 0 0 0 0 0 0
00006832_001.png 0 0 0 0 0 0 1 0 0 0 0 0 0 0
00006832_012.png 0 0 0 0 0 0 0 0 0 0 0 0 0 0
00006840_000.png 0 0 0 0 0 0 0 0 0 0 0 0 0 0
00006841_004.png 0 0 0 0 0 0 0 0 0 0 0 0 0 0
00006841_005.png 0 0 0 0 0 0 0 0 0 0 0 0 0 0
00006843_000.png 1 0 0 0 0 0 1 0 0 0 0 0 0 0
00006845_000.png 0 0 0 0 0 0 0 0 0 0 0 0 0 0
00006850_008.png 0 0 0 0 0 0 0 0 0 0 0 0 0 0
00006850_018.png 0 0 0 0 0 0 0 0 0 0 0 0 0 0
00006850_022.png 0 0 0 0 0 0 0 0 0 0 0 0 0 0
00006853_000.png 0 0 0 0 0 0 0 0 0 0 0 0 0 0
00006854_000.png 0 0 0 0 0 0 0 0 0 0 0 0 0 0
00006865_000.png 0 0 0 0 0 0 0 0 0 0 0 0 0 0
00006868_006.png 0 0 0 0 0 0 0 0 0 0 0 0 0 0
00006869_000.png 1 1 0 0 0 0 1 0 0 0 0 0 0 0
00006872_000.png 0 0 0 0 0 0 0 0 0 0 0 0 0 0
00006875_006.png 0 0 0 1 0 0 1 0 0 0 0 0 0 0
00006875_012.png 0 0 0 0 0 0 0 0 0 0 0 0 0 0
00006875_017.png 0 0 0 0 0 0 0 0 0 0 0 0 0 0
00006875_025.png 0 0 0 0 0 0 0 0 0 0 0 0 0 0
00006877_001.png 0 0 0 0 0 0 0 0 0 0 0 0 0 0
00006881_000.png 0 0 0 0 0 0 0 0 0 0 0 0 0 0
00006881_004.png 0 0 0 0 0 0 0 0 0 0 0 0 0 0
00006883_000.png 0 0 0 0 0 0 0 0 0 0 0 0 0 0
00006885_000.png 0 0 0 0 0 0 0 0 0 0 0 0 0 0
00006886_000.png 0 0 0 0 0 0 0 0 0 0 0 0 0 0
00006888_001.png 0 0 0 0 0 0 0 0 0 0 0 0 0 0
00006896_000.png 0 0 0 0 0 0 0 0 0 0 0 0 0 0
00006899_000.png 0 0 0 0 0 0 0 0 0 0 0 0 0 0
00006904_002.png 0 0 0 0 0 0 0 0 0 0 0 0 0 0
00006904_003.png 0 0 0 0 0 0 0 0 0 0 0 0 0 0
00006906_000.png 0 0 0 0 0 0 0 0 0 0 0 0 0 0
00006906_010.png 0 0 0 0 0 0 0 0 0 0 0 0 0 0
00006906_017.png 0 0 0 0 0 0 0 0 0 0 0 0 0 0
00006906_033.png 0 0 0 0 0 0 0 0 0 0 0 0 0 0
00006906_041.png 0 0 0 0 0 0 1 0 1 0 0 0 0 0
00006910_001.png 0 0 0 0 0 0 0 0 0 0 0 0 0 0
00006911_000.png 0 0 0 0 0 0 0 0 0 0 0 0 0 0
00006912_009.png 0 0 0 0 0 0 0 0 0 0 0 0 0 0
00006913_000.png 0 0 0 0 0 0 0 0 0 0 0 0 0 0
00006914_000.png 0 0 0 0 0 0 0 0 0 0 0 0 0 0
00006920_001.png 0 0 0 0 0 0 0 0 0 0 0 0 0 0
00006921_000.png 0 0 0 0 0 0 0 0 0 0 0 0 0 0
00006925_011.png 0 0 0 0 0 0 0 0 0 0 0 0 0 0
00006926_003.png 0 0 0 0 0 0 0 0 0 0 0 0 0 0
00006926_015.png 0 0 0 0 0 0 0 0 0 0 0 0 0 0
00006935_000.png 0 0 0 0 0 0 0 0 0 0 0 0 0 0
00006936_000.png 0 0 0 0 0 0 0 0 0 0 0 0 0 0
00006936_002.png 0 0 0 0 0 0 0 0 0 0 0 0 0 0
00006936_003.png 0 0 0 0 0 0 0 0 0 0 0 0 0 0
00006937_000.png 0 0 0 0 0 0 0 0 0 0 0 0 0 0
00006948_017.png 0 0 0 0 0 0 0 0 0 0 0 0 0 0
00006948_018.png 0 0 0 0 0 0 0 0 0 0 0 0 0 0
00006950_003.png 0 0 0 0 0 0 0 0 0 0 0 0 0 0
00006952_003.png 0 0 0 0 0 0 0 0 0 0 0 0 0 0
00006960_002.png 0 0 0 0 0 0 0 0 0 0 0 0 0 0
00006960_003.png 0 0 0 0 0 0 0 0 0 0 0 0 0 0
00006960_020.png 0 0 0 0 0 0 0 0 0 0 0 0 0 0
00006960_022.png 0 0 0 0 0 0 0 0 0 0 0 0 0 0
00006961_001.png 0 0 0 0 0 0 0 0 0 0 0 0 0 0
00006962_000.png 0 0 0 0 0 0 0 0 0 0 0 0 0 0
00006962_001.png 0 0 0 0 0 0 0 0 0 0 0 0 0 0
00006962_006.png 0 0 0 0 0 0 0 0 0 0 0 0 0 0
00006962_008.png 0 0 0 0 0 0 0 0 0 0 0 0 0 0
00006965_000.png 0 0 0 0 0 0 0 0 0 0 0 0 0 0
00006966_002.png 0 0 0 0 0 0 0 0 0 0 0 0 0 0
00006966_004.png 0 0 0 0 0 0 1 0 0 0 0 0 0 0
00006968_002.png 1 0 1 1 0 0 1 0 0 0 0 0 0 0
00006972_002.png 0 0 0 0 0 0 0 0 0 0 0 0 0 0
00006982_000.png 0 0 0 0 0 0 0 0 0 0 0 0 0 0
00006982_002.png 0 0 0 0 0 0 0 0 0 0 0 0 0 0
00006983_000.png 0 0 0 0 0 0 0 0 0 0 0 0 0 0
00006984_000.png 0 0 0 0 0 0 0 0 0 0 0 0 0 0
00006985_002.png 0 0 0 0 0 0 1 0 0 0 0 0 0 0
00006985_011.png 0 0 0 0 0 0 0 0 0 0 0 0 0 0
00006988_000.png 0 0 0 0 0 0 0 0 0 0 0 0 0 0
00006990_002.png 0 0 0 0 0 0 0 0 0 0 0 0 0 0
00006991_010.png 0 0 0 0 0 0 1 0 1 0 0 0 0 0
00006991_011.png 0 0 0 0 0 0 1 0 0 1 0 0 0 0
00006991_012.png 0 0 0 0 0 0 1 0 0 1 0 0 0 0
00006993_000.png 0 0 0 0 0 0 0 0 0 0 0 0 0 0
00006996_015.png 0 0 0 0 0 0 0 0 0 0 0 0 0 0
00006997_000.png 0 0 0 0 0 0 1 0 0 0 0 0 0 0
00006997_001.png 0 0 0 1 0 0 1 0 0 1 0 0 0 0
00006998_000.png 0 0 0 0 0 0 0 0 0 0 0 0 0 0
00006998_002.png 0 0 0 0 0 0 0 0 0 0 0 0 0 0
00007001_001.png 0 0 0 0 0 0 0 0 0 0 0 0 0 0
00007004_000.png 0 0 0 0 0 0 0 0 0 0 0 0 0 0
00007005_000.png 0 0 0 0 0 0 0 0 0 0 0 0 0 0
00007006_002.png 0 0 0 0 0 0 0 0 0 0 0 0 0 0
00007006_006.png 0 0 0 0 0 0 0 0 0 0 0 0 0 0
00007007_002.png 1 0 0 0 0 0 1 0 1 0 0 0 0 0
00007007_003.png 1 0 0 0 0 0 1 0 1 0 0 0 0 0
00007007_004.png 1 0 0 0 0 0 1 0 1 0 0 0 0 0
00007007_007.png 1 0 0 1 0 0 1 0 0 0 0 0 0 0
00007007_016.png 0 0 0 0 0 0 1 0 1 0 0 0 0 0
00007007_017.png 1 0 0 0 0 0 1 0 0 0 0 0 0 0
00007007_018.png 1 0 0 0 0 0 1 0 1 0 0 0 0 0
00007009_002.png 0 0 0 0 0 0 0 0 0 0 0 0 0 0
00007010_001.png 0 0 0 0 0 0 0 0 0 0 0 0 0 0
00007010_006.png 0 0 0 0 0 0 0 0 0 0 0 0 0 0
00007011_000.png 0 0 0 0 0 0 0 0 0 0 0 0 0 0
00007014_000.png 0 0 0 0 0 0 0 0 0 0 0 0 0 0
00007017_001.png 0 0 0 0 0 0 0 0 0 0 0 0 0 0
00007017_005.png 0 0 0 0 0 0 0 0 0 0 0 0 0 0
00007018_002.png 0 0 0 0 0 0 0 0 0 0 0 0 0 0
00007018_005.png 0 0 0 0 0 0 0 0 0 0 0 0 0 0
00007018_007.png 0 0 0 0 0 0 0 0 0 0 0 0 0 0
00007018_047.png 0 0 0 1 0 0 1 0 0 1 0 0 0 0
00007019_001.png 0 0 0 0 0 0 0 0 0 0 0 0 0 0
00007021_000.png 0 0 0 0 0 0 0 0 0 0 0 0 0 0
00007023_010.png 0 0 0 0 0 0 0 0 0 0 0 0 0 0
00007025_001.png 0 0 0 0 0 0 0 0 0 0 0 0 0 0
00007026_001.png 0 0 0 0 0 0 0 0 0 0 0 0 0 0
00007032_000.png 0 0 0 0 0 0 0 0 0 0 0 0 0 0
00007034_001.png 0 0 0 0 0 0 0 0 0 0 0 0 0 0
00007034_003.png 0 0 0 0 0 0 0 0 0 0 0 0 0 0
00007034_039.png 0 0 0 0 0 0 0 0 0 0 0 0 0 0
00007034_045.png 0 0 0 0 0 0 0 0 0 0 0 0 0 0
00007034_056.png 0 0 0 0 0 0 0 0 0 0 0 0 0 0
00007034_070.png 0 0 0 1 0 0 1 0 0 0 0 0 0 0
00007034_080.png 0 0 0 0 0 0 0 0 0 0 0 0 0 0
00007038_003.png 0 0 0 0 0 0 0 0 0 0 0 0 0 0
00007039_001.png 0 0 0 0 0 0 0 0 0 0 0 0 0 0
00007044_000.png 0 0 0 0 0 0 0 0 0 0 0 0 0 0
00007044_003.png 0 0 0 0 0 0 0 0 0 0 0 0 0 0
00007045_002.png 0 0 0 0 0 0 0 0 0 0 0 0 0 0
00007051_001.png 0 0 0 0 0 0 0 0 0 0 0 0 0 0
00007054_000.png 0 0 0 0 0 0 0 0 0 0 0 0 0 0
00007054_001.png 0 0 0 0 0 0 0 0 0 0 0 0 0 0
00007054_006.png 0 0 0 0 0 0 0 0 0 0 0 0 0 0
00007056_000.png 0 0 0 0 0 0 0 0 0 0 0 0 0 0
00007057_001.png 0 0 0 0 0 0 0 0 0 0 0 0 0 0
00007058_001.png 0 0 0 0 0 0 0 0 0 0 0 0 0 0
00007059_000.png 0 0 0 0 0 0 0 0 0 0 0 0 0 0
00007060_002.png 0 0 0 0 0 0 0 0 0 0 0 0 0 0
00007060_008.png 0 0 0 0 0 0 0 0 0 0 0 0 0 0
00007060_010.png 0 0 0 0 0 0 0 0 0 0 0 0 0 0
00007060_016.png 0 0 0 0 0 0 0 0 0 0 0 0 0 0
00007061_003.png 0 0 0 0 0 0 0 0 0 0 0 0 0 0
00007061_004.png 0 0 0 0 0 0 0 0 0 0 0 0 0 0
00007067_000.png 0 0 0 0 0 0 0 0 0 0 0 0 0 0
00007075_003.png 0 0 0 0 0 0 0 0 0 0 0 0 0 0
00007075_004.png 0 0 0 0 0 0 0 0 0 0 0 0 0 0
00007076_021.png 0 0 0 0 0 0 0 0 0 0 0 0 0 0
00007086_000.png 0 0 0 0 0 0 0 0 0 0 0 0 0 0
00007088_002.png 0 0 0 0 0 0 0 0 0 0 0 0 0 0
00007088_003.png 0 0 0 0 0 0 0 0 0 0 0 0 0 0
00007089_001.png 0 0 0 0 0 0 0 0 0 0 0 0 0 0
00007093_012.png 0 0 0 0 0 0 0 0 0 0 0 0 0 0
00007098_002.png 0 0 0 0 0 0 0 0 0 0 0 0 0 0
00007098_006.png 0 0 0 0 0 0 0 0 0 0 0 0 0 0
00007098_007.png 0 0 0 0 0 0 0 0 0 0 0 0 0 0
00007103_000.png 0 0 0 0 0 0 0 0 0 0 0 0 0 0
00007108_001.png 0 0 0 0 0 0 0 0 0 0 0 0 0 0
00007108_008.png 0 0 0 0 0 0 0 0 0 0 0 0 0 0
00007109_010.png 0 0 0 0 0 0 0 0 0 0 0 0 0 0
00007109_017.png 0 0 0 0 0 0 0 0 0 0 0 0 0 0
00007109_020.png 0 0 0 0 0 0 1 0 0 0 0 1 0 0
00007109_024.png 0 0 0 0 0 0 0 0 0 0 0 0 0 0
00007109_027.png 0 0 0 0 0 0 1 0 0 0 0 1 0 0
00007109_031.png 0 0 0 0 0 0 0 0 0 0 0 0 0 0
00007111_000.png 0 0 0 0 0 0 0 0 0 0 0 0 0 0
00007112_000.png 0 0 0 0 0 0 0 0 0 0 0 0 0 0
00007113_000.png 0 0 0 0 0 0 0 0 0 0 0 0 0 0
00007114_003.png 0 0 0 0 0 0 0 0 0 0 0 0 0 0
00007126_002.png 0 0 0 0 0 0 0 0 0 0 0 0 0 0
00007126_006.png 0 0 0 0 0 0 0 0 0 0 0 0 0 0
00007127_003.png 0 0 0 0 0 0 0 0 0 0 0 0 0 0
00007127_005.png 0 0 0 0 0 0 0 0 0 0 0 0 0 0
00007131_001.png 0 0 0 0 0 0 0 0 0 0 0 0 0 0
00007133_004.png 0 0 0 0 0 0 0 0 0 0 0 0 0 0
00007138_001.png 0 0 0 0 0 0 0 0 0 0 0 0 0 0
00007142_002.png 0 0 0 0 0 0 0 0 0 0 0 0 0 0
00007150_000.png 0 0 0 0 0 0 0 0 0 0 0 0 0 0
00007151_003.png 0 0 0 0 0 0 0 0 0 0 0 0 0 0
00007152_001.png 0 0 0 0 0 0 0 0 0 0 0 0 0 0
00007152_002.png 0 0 0 0 0 0 0 0 0 0 0 0 0 0
00007157_001.png 0 0 0 0 0 0 0 0 0 0 0 0 0 0
00007157_010.png 0 0 0 0 0 0 0 0 0 0 0 0 0 0
00007167_001.png 0 0 0 0 0 0 0 0 0 0 0 0 0 0
00007169_001.png 0 0 0 0 0 0 0 0 0 0 0 0 0 0
00007169_003.png 0 0 0 0 0 0 0 0 0 0 0 0 0 0
00007170_004.png 0 0 0 0 0 0 0 0 0 0 0 0 0 0
00007172_002.png 0 0 0 0 0 0 0 0 0 0 0 0 0 0
00007179_000.png 0 0 0 0 0 0 0 0 0 0 0 0 0 0
00007180_000.png 0 0 0 0 0 0 0 0 0 0 0 0 0 0
00007185_003.png 0 0 0 0 0 0 0 0 0 0 0 0 0 0
00007185_007.png 0 0 0 0 0 0 0 0 0 0 0 0 0 0
00007185_008.png 0 0 0 0 0 0 0 0 0 0 0 0 0 0
00007185_016.png 0 0 0 0 0 0 0 0 0 0 0 0 0 0
00007188_002.png 0 0 0 0 0 0 0 0 0 0 0 0 0 0
00007191_001.png 0 0 0 0 0 0 1 0 0 0 0 0 0 0
00007191_007.png 0 0 0 0 0 0 0 0 0 0 0 0 0 0
00007193_001.png 0 0 0 0 0 0 0 0 0 0 0 0 0 0
00007193_004.png 0 0 0 0 0 0 0 0 0 0 0 0 0 0
00007193_006.png 0 0 0 0 0 0 0 0 0 0 0 0 0 0
00007197_000.png 0 0 0 0 0 0 0 0 0 0 0 0 0 0
00007198_000.png 0 0 0 0 0 0 0 0 0 0 0 0 0 0
00007203_000.png 0 0 0 0 0 0 0 0 0 0 0 0 0 0
00007205_006.png 0 0 0 0 0 0 0 0 0 0 0 0 0 0
00007207_003.png 0 0 0 0 0 0 0 0 0 0 0 0 0 0
00007212_011.png 0 0 0 0 0 0 0 0 0 0 0 0 0 0
00007215_002.png 0 0 0 0 0 0 0 0 0 0 0 0 0 0
00007216_000.png 0 0 0 0 0 0 0 0 0 0 0 0 0 0
00007218_002.png 0 0 0 0 0 0 0 0 0 0 0 0 0 0
00007219_000.png 0 0 0 1 0 0 1 0 0 0 0 0 0 0
00007225_002.png 0 0 0 0 0 0 0 0 0 0 0 0 0 0
00007225_003.png 0 0 0 0 0 0 0 0 0 0 0 0 0 0
00007226_000.png 0 0 0 0 0 0 0 0 0 0 0 0 0 0
00007230_002.png 0 0 0 0 0 0 0 0 0 0 0 0 0 0
00007233_005.png 0 0 0 0 0 0 0 0 0 0 0 0 0 0
00007236_003.png 0 0 0 0 0 0 0 0 0 0 0 0 0 0
00007239_008.png 0 0 0 0 0 0 0 0 0 0 0 0 0 0
00007244_000.png 0 0 0 0 0 0 0 0 0 0 0 0 0 0
00007245_000.png 0 0 0 0 0 0 0 0 0 0 0 0 0 0
00007245_001.png 0 0 0 0 0 0 0 0 0 0 0 0 0 0
00007245_003.png 0 0 0 0 0 0 0 0 0 0 0 0 0 0
00007246_000.png 0 0 0 0 0 0 0 0 0 0 0 0 0 0
00007248_000.png 0 0 0 0 0 0 0 0 0 0 0 0 0 0
00007256_001.png 0 0 0 0 0 0 0 0 0 0 0 0 0 0
00007256_004.png 0 0 1 0 0 0 1 0 0 1 0 0 0 0
00007265_001.png 0 0 0 0 0 0 0 0 0 0 0 0 0 0
00007268_002.png 0 0 0 0 0 0 0 0 0 0 0 0 0 0
00007271_001.png 0 0 0 0 0 0 0 0 0 0 0 0 0 0
00007274_004.png 0 0 0 0 0 0 0 0 0 0 0 0 0 0
00007279_005.png 0 0 0 0 0 0 0 0 0 0 0 0 0 0
00007286_011.png 0 0 0 0 0 0 0 0 0 0 0 0 0 0
00007294_002.png 0 0 0 0 0 0 0 0 0 0 0 0 0 0
00007307_007.png 0 0 0 0 0 0 0 0 0 0 0 0 0 0
00007314_001.png 0 0 0 0 0 0 0 0 0 0 0 0 0 0
00007320_000.png 0 0 0 0 0 0 0 0 0 0 0 0 0 0
00007321_007.png 1 0 0 0 0 0 1 0 0 0 0 0 0 0
00007321_012.png 0 0 0 0 0 0 0 0 0 0 0 0 0 0
00007322_011.png 0 0 1 1 0 0 1 0 0 0 0 0 0 0
00007328_007.png 0 0 0 0 0 0 0 0 0 0 0 0 0 0
00007330_001.png 0 0 0 0 0 0 0 0 0 0 0 0 0 0
00007332_002.png 0 0 0 1 0 0 1 0 0 1 0 0 1 0
00007340_009.png 0 0 0 0 0 0 0 0 0 0 0 0 0 0
00007340_013.png 0 0 0 1 0 0 1 0 0 0 0 0 0 0
00007340_014.png 0 0 1 0 0 0 1 0 0 0 0 0 0 0
00007344_002.png 0 0 0 0 0 0 0 0 0 0 0 0 0 0
00007346_000.png 0 0 0 0 0 0 0 0 0 0 0 0 0 0
00007346_004.png 0 0 0 0 0 0 0 0 0 0 0 0 0 0
00007347_000.png 0 0 0 0 0 0 0 0 0 0 0 0 0 0
00007354_002.png 0 0 0 0 0 0 0 0 0 0 0 0 0 0
00007354_005.png 0 0 0 0 0 0 0 0 0 0 0 0 0 0
00007354_027.png 0 0 0 1 1 0 1 0 0 1 0 0 0 0
00007355_010.png 0 0 0 0 0 0 0 0 0 0 0 0 0 0
00007356_001.png 0 0 0 0 0 0 0 0 0 0 0 0 0 0
00007356_002.png 0 0 0 0 0 0 0 0 0 0 0 0 0 0
00007360_000.png 0 0 0 0 0 0 0 0 0 0 0 0 0 0
00007361_000.png 0 0 0 0 0 0 0 0 0 0 0 0 0 0
00007362_000.png 0 0 0 0 0 0 0 0 0 0 0 0 0 0
00007367_000.png 0 0 0 0 0 0 0 0 0 0 0 0 0 0
00007369_000.png 0 0 0 0 0 0 0 0 0 0 0 0 0 0
00007374_000.png 0 0 0 0 0 0 0 0 0 0 0 0 0 0
00007389_002.png 0 0 0 0 0 0 0 0 0 0 0 0 0 0
00007390_002.png 0 0 0 0 0 0 0 0 0 0 0 0 0 0
00007390_005.png 0 0 0 0 0 0 0 0 0 0 0 0 0 0
00007390_011.png 0 0 0 0 0 0 0 0 0 0 0 0 0 0
00007394_002.png 0 0 0 0 0 0 0 0 0 0 0 0 0 0
00007404_005.png 0 0 0 0 0 0 0 0 0 0 0 0 0 0
00007404_011.png 0 0 0 0 0 0 0 0 0 0 0 0 0 0
00007405_001.png 0 0 0 0 0 0 0 0 0 0 0 0 0 0
00007408_000.png 1 0 0 0 0 0 1 0 0 0 0 0 0 0
00007411_000.png 0 0 0 0 0 0 0 0 0 0 0 0 0 0
00007418_003.png 0 0 0 0 0 0 0 0 0 0 0 0 0 0
00007418_004.png 0 0 0 0 0 0 0 0 0 0 0 0 0 0
00007418_005.png 0 0 0 0 0 0 0 0 0 0 0 0 0 0
00007419_000.png 0 0 0 0 0 0 0 0 0 0 0 0 0 0
00007419_001.png 0 0 0 0 0 0 0 0 0 0 0 0 0 0
00007419_002.png 0 0 0 0 0 0 0 0 0 0 0 0 0 0
00007420_003.png 0 0 0 0 0 0 0 0 0 0 0 0 0 0
00007425_003.png 0 0 0 0 0 0 0 0 0 0 0 0 0 0
00007425_005.png 0 0 0 0 0 0 0 0 0 0 0 0 0 0
00007425_006.png 0 0 0 0 0 0 0 0 0 0 0 0 0 0
00007426_000.png 0 0 0 0 0 0 0 0 0 0 0 0 0 0
00007431_002.png 0 0 0 0 0 0 0 0 0 0 0 0 0 0
00007435_000.png 0 0 0 0 0 0 0 0 0 0 0 0 0 0
00007441_006.png 0 0 0 0 0 0 0 0 0 0 0 0 0 0
00007442_010.png 0 0 0 1 0 0 1 0 0 1 0 0 0 0
00007442_014.png 0 0 0 0 0 0 0 0 0 0 0 0 0 0
00007445_000.png 0 0 0 0 0 0 0 0 0 0 0 0 0 0
00007451_014.png 0 0 0 0 0 0 0 0 0 0 0 0 0 0
00007453_000.png 0 0 0 0 0 0 0 0 0 0 0 0 0 0
00007455_004.png 0 0 0 0 0 0 0 0 0 0 0 0 0 0
00007459_002.png 0 0 0 0 0 0 0 0 0 0 0 0 0 0
00007460_004.png 0 0 0 0 0 0 0 0 0 0 0 0 0 0
00007464_000.png 0 0 0 0 0 0 0 0 0 0 0 0 0 0
00007470_000.png 0 0 0 0 0 0 0 0 0 0 0 0 0 0
00007471_002.png 0 0 0 0 0 0 0 0 0 0 0 0 0 0
00007473_000.png 0 0 0 0 0 0 0 0 0 0 0 0 0 0
00007477_003.png 0 0 0 0 0 0 0 0 0 0 0 0 0 0
00007482_001.png 0 0 0 0 0 0 0 0 0 0 0 0 0 0
00007482_014.png 0 0 0 0 0 0 0 0 0 0 0 0 0 0
00007482_024.png 0 0 0 0 0 0 0 0 0 0 0 0 0 0
00007486_000.png 0 0 0 0 0 0 0 0 0 0 0 0 0 0
00007491_000.png 0 0 0 0 0 0 0 0 0 0 0 0 0 0
00007492_000.png 0 0 0 0 0 0 0 0 0 0 0 0 0 0
00007493_000.png 0 0 0 0 0 0 0 0 0 0 0 0 0 0
00007497_006.png 0 0 0 0 0 0 0 0 0 0 0 0 0 0
00007497_012.png 0 0 0 0 0 0 0 0 0 0 0 0 0 0
00007502_000.png 0 0 0 0 0 0 0 0 0 0 0 0 0 0
00007505_000.png 0 0 0 0 0 0 0 0 0 0 0 0 0 0
00007507_001.png 0 0 0 0 0 0 0 0 0 0 0 0 0 0
00007514_005.png 0 0 0 0 0 0 0 0 0 0 0 0 0 0
00007514_011.png 0 0 0 1 0 0 1 0 0 0 0 0 0 0
00007515_000.png 0 0 0 0 0 0 0 0 0 0 0 0 0 0
00007517_000.png 0 0 0 0 0 0 0 0 0 0 0 0 0 0
00007518_003.png 0 0 0 0 0 0 0 0 0 0 0 0 0 0
00007520_005.png 0 0 0 0 0 0 0 0 0 0 0 0 0 0
00007521_000.png 0 0 0 0 0 0 0 0 0 0 0 0 0 0
00007522_001.png 0 0 0 0 0 0 0 0 0 0 0 0 0 0
00007523_003.png 0 0 0 0 0 0 0 0 0 0 0 0 0 0
00007523_004.png 0 0 0 0 0 0 0 0 0 0 0 0 0 0
00007523_005.png 0 0 0 0 0 0 0 0 0 0 0 0 0 0
00007526_001.png 0 0 0 0 0 0 0 0 0 0 0 0 0 0
00007526_003.png 0 0 0 0 0 0 0 0 0 0 0 0 0 0
00007526_004.png 0 0 0 0 0 0 0 0 0 0 0 0 0 0
00007526_005.png 0 0 0 0 0 0 0 0 0 0 0 0 0 0
00007526_012.png 0 0 0 0 0 0 0 0 0 0 0 0 0 0
00007526_013.png 0 0 0 0 0 0 0 0 0 0 0 0 0 0
00007526_026.png 0 0 0 0 0 0 0 0 0 0 0 0 0 0
00007526_029.png 0 0 0 0 0 0 0 0 0 0 0 0 0 0
00007526_038.png 0 0 0 0 0 0 0 0 0 0 0 0 0 0
00007534_001.png 0 0 0 0 0 0 0 0 0 0 0 0 0 0
00007534_023.png 0 0 0 0 0 0 0 0 0 0 0 0 0 0
00007534_024.png 0 0 0 0 0 0 0 0 0 0 0 0 0 0
00007534_027.png 0 0 0 0 0 0 0 0 0 0 0 0 0 0
00007538_001.png 0 0 0 0 0 0 0 0 0 0 0 0 0 0
00007542_003.png 0 0 0 0 0 0 0 0 0 0 0 0 0 0
00007549_000.png 0 0 0 0 0 0 0 0 0 0 0 0 0 0
00007551_003.png 0 0 0 0 0 0 0 0 0 0 0 0 0 0
00007551_010.png 0 0 0 0 0 0 0 0 0 0 0 0 0 0
00007551_011.png 0 0 0 0 0 0 0 0 0 0 0 0 0 0
00007551_013.png 0 0 0 0 0 0 0 0 0 0 0 0 0 0
00007557_001.png 1 0 0 1 0 0 1 0 0 0 0 0 0 0
00007557_008.png 0 0 0 0 0 0 0 0 0 0 0 0 0 0
00007565_005.png 0 0 0 0 0 0 0 0 0 0 0 0 0 0
00007566_001.png 0 0 0 0 0 0 0 0 0 0 0 0 0 0
00007572_000.png 0 0 0 0 0 0 0 0 0 0 0 0 0 0
00007574_000.png 0 0 0 0 0 0 0 0 0 0 0 0 0 0
00007576_020.png 0 0 0 0 0 0 0 0 0 0 0 0 0 0
00007576_023.png 0 0 0 0 0 0 0 0 0 0 0 0 0 0
00007576_050.png 0 0 1 1 0 0 1 0 0 0 0 1 1 0
00007578_000.png 0 0 0 0 0 0 0 0 0 0 0 0 0 0
00007580_000.png 0 0 0 0 0 0 0 0 0 0 0 0 0 0
00007582_000.png 0 0 0 0 0 0 0 0 0 0 0 0 0 0
00007582_001.png 0 0 0 0 0 0 0 0 0 0 0 0 0 0
00007583_002.png 0 0 0 0 0 0 0 0 0 0 0 0 0 0
00007589_002.png 0 0 0 0 0 0 0 0 0 0 0 0 0 0
00007590_003.png 0 0 0 0 0 0 0 0 0 0 0 0 0 0
00007590_004.png 0 0 0 0 0 0 0 0 0 0 0 0 0 0
00007592_000.png 0 0 0 0 0 0 0 0 0 0 0 0 0 0
00007596_001.png 0 0 0 0 0 0 0 0 0 0 0 0 0 0
00007596_004.png 0 0 0 0 0 0 0 0 0 0 0 0 0 0
00007596_005.png 0 0 0 0 0 0 0 0 0 0 0 0 0 0
00007597_002.png 0 0 0 0 0 0 0 0 0 0 0 0 0 0
00007601_000.png 0 0 0 0 0 0 0 0 0 0 0 0 0 0
00007606_001.png 0 0 0 0 0 0 0 0 0 0 0 0 0 0
00007618_002.png 0 0 0 0 0 0 0 0 0 0 0 0 0 0
00007618_005.png 0 0 0 0 0 0 0 0 0 0 0 0 0 0
00007620_008.png 0 0 0 0 0 0 0 0 0 0 0 0 0 0
00007620_030.png 0 0 0 0 0 0 0 0 0 0 0 0 0 0
00007620_031.png 0 0 0 0 0 0 0 0 0 0 0 0 0 0
00007621_000.png 0 0 0 0 0 0 0 0 0 0 0 0 0 0
00007624_007.png 0 0 0 0 0 0 0 0 0 0 0 0 0 0
00007624_015.png 0 0 0 0 0 0 0 0 0 0 0 0 0 0
00007624_022.png 0 0 0 0 0 0 0 0 0 0 0 0 0 0
00007624_024.png 0 0 0 0 0 0 1 0 0 0 0 0 0 0
00007624_034.png 0 0 0 0 0 0 0 0 0 0 0 0 0 0
00007624_038.png 0 0 0 0 0 0 0 0 0 0 0 0 0 0
00007627_001.png 0 0 0 0 0 0 0 0 0 0 0 0 0 0
00007627_002.png 0 0 0 0 0 0 0 0 0 0 0 0 0 0
00007628_000.png 0 0 0 0 0 0 0 0 0 0 0 0 0 0
00007629_001.png 1 0 0 0 0 0 1 0 0 0 0 0 0 0
00007629_002.png 1 0 0 0 0 0 1 0 0 0 0 0 0 0
00007630_000.png 0 0 0 0 0 0 0 0 0 0 0 0 0 0
00007632_005.png 0 0 0 0 0 0 0 0 0 0 0 0 0 0
00007632_011.png 0 0 0 0 0 0 0 0 0 0 0 0 0 0
00007632_012.png 0 0 0 0 0 0 0 0 0 0 0 0 0 0
00007633_005.png 0 0 0 0 0 0 0 0 0 0 0 0 0 0
00007635_000.png 0 0 0 0 0 0 0 0 0 0 0 0 0 0
00007639_000.png 0 0 0 0 0 0 0 0 0 0 0 0 0 0
00007653_000.png 0 0 0 0 0 0 0 0 0 0 0 0 0 0
00007658_004.png 0 0 0 0 0 0 0 0 0 0 0 0 0 0
00007662_000.png 0 0 0 0 0 0 0 0 0 0 0 0 0 0
00007666_000.png 0 0 0 0 0 0 0 0 0 0 0 0 0 0
00007668_000.png 0 0 0 0 0 0 0 0 0 0 0 0 0 0
00007668_002.png 0 0 0 0 0 0 0 0 0 0 0 0 0 0
00007674_000.png 0 0 0 0 0 0 0 0 0 0 0 0 0 0
00007676_000.png 0 0 0 0 0 0 0 0 0 0 0 0 0 0
00007679_002.png 0 0 0 0 0 0 0 0 0 0 0 0 0 0
00007683_007.png 0 0 0 0 0 0 0 0 0 0 0 0 0 0
00007686_002.png 0 0 0 0 0 0 0 0 0 0 0 0 0 0
00007689_000.png 0 0 0 0 0 0 0 0 0 0 0 0 0 0
00007693_000.png 0 0 0 0 0 0 0 0 0 0 0 0 0 0
00007694_000.png 0 0 0 0 0 0 0 0 0 0 0 0 0 0
00007695_001.png 0 0 0 0 0 0 0 0 0 0 0 0 0 0
00007699_003.png 0 0 0 0 0 0 1 0 0 0 0 0 0 0
00007702_000.png 0 0 0 0 0 0 0 0 0 0 0 0 0 0
00007703_001.png 0 0 0 0 0 0 0 0 0 0 0 0 0 0
00007712_003.png 0 0 0 0 0 0 0 0 0 0 0 0 0 0
00007716_000.png 0 0 0 0 0 0 0 0 0 0 0 0 0 0
00007717_003.png 0 0 0 0 0 0 0 0 0 0 0 0 0 0
00007717_007.png 0 0 0 0 0 0 0 0 0 0 0 0 0 0
00007718_002.png 0 0 0 0 0 0 0 0 0 0 0 0 0 0
00007719_000.png 0 0 0 0 0 0 0 0 0 0 0 0 0 0
00007726_000.png 0 0 0 0 0 0 0 0 0 0 0 0 0 0
00007728_009.png 0 0 0 0 0 0 0 0 0 0 0 0 0 0
00007728_013.png 0 0 0 1 0 0 1 0 0 0 0 0 0 0
00007728_019.png 0 0 0 0 0 0 0 0 0 0 0 0 0 0
00007730_001.png 0 0 0 0 0 0 0 0 0 0 0 0 0 0
00007735_003.png 0 0 0 0 0 0 0 0 0 0 0 0 0 0
00007735_008.png 1 0 0 0 0 0 1 0 0 0 0 0 0 0
00007735_011.png 0 0 0 0 0 0 0 0 0 0 0 0 0 0
00007735_017.png 0 0 0 0 0 0 0 0 0 0 0 0 0 0
00007739_001.png 0 0 0 0 0 0 0 0 0 0 0 0 0 0
00007741_000.png 0 0 0 0 0 0 0 0 0 0 0 0 0 0
00007742_001.png 0 0 0 0 0 0 0 0 0 0 0 0 0 0
00007757_000.png 0 0 0 0 0 0 0 0 0 0 0 0 0 0
00007757_004.png 0 0 0 0 0 0 0 0 0 0 0 0 0 0
00007762_004.png 0 0 0 0 0 0 0 0 0 0 0 0 0 0
00007765_002.png 0 0 0 0 0 0 0 0 0 0 0 0 0 0
00007765_004.png 0 0 0 0 0 0 0 0 0 0 0 0 0 0
00007767_000.png 0 0 0 0 0 0 0 0 0 0 0 0 0 0
00007777_000.png 0 0 0 0 0 0 0 0 0 0 0 0 0 0
00007778_000.png 0 0 0 0 0 0 0 0 0 0 0 0 0 0
00007779_008.png 0 0 0 0 0 0 0 0 0 0 0 0 0 0
00007784_001.png 0 0 0 0 0 0 0 0 0 0 0 0 0 0
00007787_001.png 0 0 0 0 0 0 1 0 0 0 0 0 0 0
00007787_002.png 0 0 0 0 0 0 0 0 0 0 0 0 0 0
00007787_004.png 0 0 0 0 0 0 0 0 0 0 0 0 0 0
00007787_008.png 0 0 0 0 0 0 0 0 0 0 0 0 0 0
00007795_003.png 0 0 0 0 0 0 0 0 0 0 0 0 0 0
00007796_000.png 0 0 0 0 0 0 0 0 0 0 0 0 0 0
00007798_002.png 0 0 0 0 0 0 0 0 0 0 0 0 0 0
00007801_000.png 0 0 0 0 0 0 0 0 0 0 0 0 0 0
00007804_003.png 0 0 0 0 0 0 0 0 0 0 0 0 0 0
00007814_000.png 0 0 0 0 0 0 0 0 0 0 0 0 0 0
00007816_002.png 0 0 0 0 0 0 0 0 0 0 0 0 0 0
00007816_014.png 0 0 0 0 0 0 0 0 0 0 0 0 0 0
00007818_000.png 0 0 0 0 0 0 0 0 0 0 0 0 0 0
00007825_000.png 0 0 0 0 0 0 0 0 0 0 0 0 0 0
00007825_001.png 0 0 0 0 0 0 0 0 0 0 0 0 0 0
00007827_000.png 0 0 0 0 0 0 0 0 0 0 0 0 0 0
00007837_002.png 0 0 0 0 0 0 0 0 0 0 0 0 0 0
00007841_000.png 1 0 0 0 0 0 1 0 0 0 0 0 0 0
00007845_001.png 1 0 0 0 0 0 1 0 0 0 0 0 0 0
00007847_001.png 0 0 0 0 0 0 0 0 0 0 0 0 0 0
00007848_000.png 0 0 0 0 0 0 0 0 0 0 0 0 0 0
00007848_002.png 0 0 0 0 0 0 0 0 0 0 0 0 0 0
00007850_000.png 0 0 0 0 0 0 0 0 0 0 0 0 0 0
00007851_001.png 0 0 0 0 0 0 0 0 0 0 0 0 0 0
00007851_003.png 0 0 0 0 0 0 0 0 0 0 0 0 0 0
00007851_004.png 0 0 0 0 0 0 0 0 0 0 0 0 0 0
00007855_000.png 0 0 0 0 0 0 0 0 0 0 0 0 0 0
00007857_014.png 0 0 0 0 0 0 0 0 0 0 0 0 0 0
00007857_018.png 0 0 0 0 0 0 0 0 0 0 0 0 0 0
00007864_002.png 0 0 0 0 0 0 0 0 0 0 0 0 0 0
00007864_010.png 0 0 0 0 0 0 0 0 0 0 0 0 0 0
00007864_017.png 0 0 0 0 0 0 0 0 0 0 0 0 0 0
00007867_000.png 0 0 0 0 0 0 0 0 0 0 0 0 0 0
00007868_001.png 0 0 0 0 0 0 0 0 0 0 0 0 0 0
00007870_001.png 0 0 0 0 0 0 0 0 0 0 0 0 0 0
00007871_002.png 0 0 0 0 0 0 0 0 0 0 0 0 0 0
00007877_000.png 0 0 0 0 0 0 0 0 0 0 0 0 0 0
00007878_000.png 0 0 0 0 0 0 0 0 0 0 0 0 0 0
00007880_008.png 0 0 0 0 0 0 0 0 0 0 0 0 0 0
00007886_001.png 0 0 0 0 0 0 0 0 0 0 0 0 0 0
00007886_002.png 0 0 0 0 0 0 0 0 0 0 0 0 0 0
00007892_000.png 0 0 0 0 0 0 0 0 0 0 0 0 0 0
00007894_003.png 0 0 0 0 0 0 0 0 0 0 0 0 0 0
00007898_000.png 1 0 0 0 0 0 1 0 0 0 0 0 0 0
00007913_000.png 0 0 0 0 0 0 0 0 0 0 0 0 0 0
00007914_003.png 0 0 0 0 0 0 0 0 0 0 0 0 0 0
00007916_001.png 0 0 0 0 0 0 0 0 0 0 0 0 0 0
00007918_001.png 0 0 0 0 0 0 0 0 0 0 0 0 0 0
00007920_005.png 0 0 0 0 0 0 0 0 0 0 0 0 0 0
00007922_000.png 0 0 0 0 0 0 0 0 0 0 0 0 0 0
00007923_000.png 0 0 0 0 0 0 0 0 0 0 0 0 0 0
00007923_002.png 0 0 0 0 0 0 0 0 0 0 0 0 0 0
00007926_000.png 0 0 0 0 0 0 0 0 0 0 0 0 0 0
00007935_002.png 0 0 0 0 0 0 0 0 0 0 0 0 0 0
00007937_000.png 0 0 0 0 0 0 0 0 0 0 0 0 0 0
00007943_011.png 0 0 0 0 0 0 0 0 0 0 0 0 0 0
00007944_004.png 0 0 0 0 0 0 0 0 0 0 0 0 0 0
00007949_009.png 0 0 0 0 0 0 0 0 0 0 0 0 0 0
00007950_000.png 0 0 0 0 0 0 0 0 0 0 0 0 0 0
00007951_001.png 0 0 0 0 0 0 0 0 0 0 0 0 0 0
00007951_002.png 0 0 0 0 0 0 0 0 0 0 0 0 0 0
00007954_000.png 0 0 0 0 0 0 0 0 0 0 0 0 0 0
00007957_003.png 0 0 0 0 0 0 0 0 0 0 0 0 0 0
00007959_002.png 0 0 0 0 0 0 0 0 0 0 0 0 0 0
00007960_000.png 0 0 0 0 0 0 0 0 0 0 0 0 0 0
00007963_000.png 0 0 0 0 0 0 0 0 0 0 0 0 0 0
00007963_001.png 0 0 0 0 0 0 0 0 0 0 0 0 0 0
00007964_000.png 0 0 0 0 0 0 0 0 0 0 0 0 0 0
00007973_000.png 0 0 0 0 0 0 0 0 0 0 0 0 0 0
00007976_000.png 0 0 0 0 0 0 0 0 0 0 0 0 0 0
00007984_000.png 0 0 0 0 0 0 0 0 0 0 0 0 0 0
00007988_000.png 0 0 0 0 0 0 0 0 0 0 0 0 0 0
00007990_002.png 0 0 0 0 0 0 0 0 0 0 0 0 0 0
00007991_001.png 0 0 0 0 0 0 0 0 0 0 0 0 0 0
00007992_006.png 0 0 0 0 0 0 1 0 0 0 0 0 0 0
00007997_000.png 0 0 0 0 0 0 0 0 0 0 0 0 0 0
00008005_000.png 0 0 0 0 0 0 0 0 0 0 0 0 0 0
00008006_000.png 0 1 0 0 0 0 1 0 0 0 0 0 0 0
00008008_017.png 0 0 0 0 0 0 0 0 0 0 0 0 0 0
00008008_026.png 0 0 0 0 0 0 0 0 0 0 0 0 0 0
00008008_046.png 0 0 1 0 0 0 1 0 0 0 0 0 0 0
00008008_062.png 0 0 0 0 0 0 0 0 0 0 0 0 0 0
00008008_066.png 0 0 0 0 0 0 0 0 0 0 0 0 0 0
00008009_001.png 0 0 0 0 0 0 0 0 0 0 0 0 0 0
00008009_031.png 0 0 0 0 0 0 0 0 0 0 0 0 0 0
00008009_036.png 0 0 0 0 0 0 0 0 0 0 0 0 0 0
00008009_041.png 0 0 0 0 0 0 0 0 0 0 0 0 0 0
00008019_000.png 0 0 0 0 0 0 0 0 0 0 0 0 0 0
00008019_001.png 0 0 0 0 0 0 0 0 0 0 0 0 0 0
00008020_001.png 0 0 0 0 0 0 0 0 0 0 0 0 0 0
00008023_000.png 1 0 0 0 0 0 1 0 0 0 0 0 0 0
00008023_001.png 0 0 0 0 0 0 0 0 0 0 0 0 0 0
00008023_004.png 0 0 0 0 0 0 0 0 0 0 0 0 0 0
00008025_003.png 0 0 0 0 0 0 0 0 0 0 0 0 0 0
00008026_002.png 0 0 0 1 0 0 1 0 0 0 0 0 0 0
00008027_002.png 0 0 0 0 0 0 0 0 0 0 0 0 0 0
00008027_004.png 0 0 0 0 0 0 0 0 0 0 0 0 0 0
00008029_003.png 0 0 0 0 0 0 0 0 0 0 0 0 0 0
00008031_000.png 0 0 0 0 0 0 0 0 0 0 0 0 0 0
00008032_000.png 0 0 0 0 0 0 0 0 0 0 0 0 0 0
00008033_008.png 0 0 0 0 0 0 0 0 0 0 0 0 0 0
00008035_003.png 0 0 0 0 0 0 0 0 0 0 0 0 0 0
00008036_000.png 0 0 0 0 0 0 0 0 0 0 0 0 0 0
00008039_003.png 0 0 0 0 0 0 0 0 0 0 0 0 0 0
00008039_007.png 0 0 0 0 0 0 0 0 0 0 0 0 0 0
00008040_000.png 0 0 0 0 0 0 0 0 0 0 0 0 0 0
00008041_001.png 0 0 0 0 0 0 0 0 0 0 0 0 0 0
00008042_007.png 1 0 0 1 0 0 1 0 0 0 0 0 0 0
00008043_002.png 1 0 0 0 0 0 1 0 0 0 0 0 0 0
00008044_000.png 0 0 0 0 0 0 0 0 0 0 0 0 0 0
00008045_002.png 1 0 0 0 0 0 1 0 0 0 0 0 0 0
00008045_004.png 0 0 0 0 0 0 0 0 0 0 0 0 0 0
00008046_001.png 0 0 0 0 0 0 0 0 0 0 0 0 0 0
00008046_004.png 0 0 0 0 0 0 0 0 0 0 0 0 0 0
00008046_012.png 0 0 0 0 0 0 0 0 0 0 0 0 0 0
00008046_015.png 0 0 0 0 0 0 0 0 0 0 0 0 0 0
00008048_000.png 0 0 0 0 0 0 0 0 0 0 0 0 0 0
00008051_012.png 0 0 0 0 0 0 0 0 0 0 0 0 0 0
00008051_027.png 1 0 0 1 0 0 1 0 0 0 0 0 0 0
00008051_031.png 0 0 0 0 0 0 0 0 0 0 0 0 0 0
00008051_033.png 0 0 1 0 0 0 1 0 0 0 0 0 0 0
00008051_034.png 1 0 1 0 0 0 1 0 0 0 0 0 0 0
00008051_042.png 0 0 0 0 0 0 0 0 0 0 0 0 0 0
00008051_048.png 0 0 0 0 0 0 0 0 0 0 0 0 0 0
00008056_008.png 0 0 0 0 0 0 0 0 0 0 0 0 0 0
00008058_001.png 0 0 0 0 0 0 0 0 0 0 0 0 0 0
00008062_000.png 0 0 0 0 0 0 0 0 0 0 0 0 0 0
00008062_002.png 0 0 0 0 0 0 0 0 0 0 0 0 0 0
00008062_008.png 0 0 0 0 0 0 0 0 0 0 0 0 0 0
00008067_011.png 0 0 0 0 0 0 0 0 0 0 0 0 0 0
00008067_015.png 0 0 0 0 0 0 0 0 0 0 0 0 0 0
00008067_018.png 0 0 0 0 0 0 0 0 0 0 0 0 0 0
00008067_019.png 0 0 0 0 0 0 0 0 0 0 0 0 0 0
00008068_000.png 0 0 0 0 0 0 0 0 0 0 0 0 0 0
00008068_006.png 0 0 0 0 0 0 0 0 0 0 0 0 0 0
00008072_001.png 0 0 0 0 0 0 0 0 0 0 0 0 0 0
00008072_002.png 0 0 0 0 0 0 0 0 0 0 0 0 0 0
00008075_001.png 0 0 0 0 0 0 0 0 0 0 0 0 0 0
00008081_018.png 0 0 0 0 0 0 0 0 0 0 0 0 0 0
00008084_000.png 0 0 0 0 0 0 0 0 0 0 0 0 0 0
00008085_000.png 0 0 0 0 0 0 0 0 0 0 0 0 0 0
00008089_000.png 0 0 0 0 0 0 0 0 0 0 0 0 0 0
00008094_001.png 0 0 0 0 0 0 0 0 0 0 0 0 0 0
00008097_000.png 0 0 0 0 0 0 0 0 0 0 0 0 0 0
00008120_000.png 0 0 0 0 0 0 0 0 0 0 0 0 0 0
00008122_012.png 0 0 0 0 0 0 0 0 0 0 0 0 0 0
00008123_000.png 0 0 0 0 0 0 0 0 0 0 0 0 0 0
00008130_000.png 0 0 0 0 0 0 0 0 0 0 0 0 0 0
00008136_000.png 0 0 0 0 0 0 0 0 0 0 0 0 0 0
00008137_000.png 0 0 0 0 0 0 0 0 0 0 0 0 0 0
00008142_000.png 0 0 0 0 0 0 0 0 0 0 0 0 0 0
00008147_006.png 0 0 0 0 0 0 0 0 0 0 0 0 0 0
00008151_000.png 0 0 0 0 0 0 0 0 0 0 0 0 0 0
00008153_000.png 0 0 0 0 0 0 0 0 0 0 0 0 0 0
00008154_000.png 1 0 0 0 1 0 1 0 1 0 0 0 0 0
00008154_001.png 0 0 0 0 0 0 0 0 0 0 0 0 0 0
00008157_000.png 0 0 0 0 0 0 0 0 0 0 0 0 0 0
00008164_000.png 0 0 0 0 0 0 0 0 0 0 0 0 0 0
00008166_000.png 0 0 0 0 0 0 0 0 0 0 0 0 0 0
00008168_011.png 0 0 0 0 0 0 0 0 0 0 0 0 0 0
00008168_012.png 0 0 0 0 0 0 0 0 0 0 0 0 0 0
00008172_000.png 0 0 0 0 0 0 0 0 0 0 0 0 0 0
00008176_000.png 0 0 0 0 0 0 0 0 0 0 0 0 0 0
00008180_000.png 0 0 0 0 0 0 0 0 0 0 0 0 0 0
00008184_008.png 0 0 0 0 0 0 0 0 0 0 0 0 0 0
00008190_005.png 0 0 0 0 0 0 0 0 0 0 0 0 0 0
00008191_004.png 0 0 0 0 0 0 0 0 0 0 0 0 0 0
00008201_001.png 0 0 0 0 0 0 0 0 0 0 0 0 0 0
00008219_000.png 1 0 1 0 0 0 1 0 0 0 0 0 0 0
00008228_002.png 0 0 0 0 0 0 0 0 0 0 0 0 0 0
00008228_004.png 0 0 0 0 0 0 0 0 0 0 0 0 0 0
00008230_000.png 1 0 0 0 1 0 1 0 0 0 0 0 0 0
00008230_001.png 0 0 0 0 0 0 0 0 0 0 0 0 0 0
00008230_013.png 0 0 0 0 0 0 1 0 0 0 0 0 1 0
00008230_021.png 0 0 0 0 0 0 0 0 0 0 0 0 0 0
00008232_000.png 0 0 0 0 0 0 0 0 0 0 0 0 0 0
00008233_000.png 0 0 0 0 0 0 0 0 0 0 0 0 0 0
00008236_002.png 0 0 0 0 0 0 0 0 0 0 0 0 0 0
00008245_001.png 0 0 0 0 0 0 0 0 0 0 0 0 0 0
00008246_000.png 0 0 0 0 0 0 0 0 0 0 0 0 0 0
00008258_001.png 0 0 0 0 0 0 0 0 0 0 0 0 0 0
00008259_006.png 0 0 0 0 0 0 0 0 0 0 0 0 0 0
00008270_006.png 0 0 0 0 0 0 0 0 0 0 0 0 0 0
00008275_005.png 0 0 0 0 0 0 0 0 0 0 0 0 0 0
00008288_000.png 0 0 0 0 0 0 0 0 0 0 0 0 0 0
00008290_003.png 0 0 0 0 0 0 0 0 0 0 0 0 0 0
00008295_002.png 0 0 0 0 0 0 0 0 0 0 0 0 0 0
00008295_029.png 0 0 0 0 0 0 0 0 0 0 0 0 0 0
00008295_032.png 0 0 0 0 0 0 0 0 0 0 0 0 0 0
00008295_036.png 0 0 0 0 0 0 0 0 0 0 0 0 0 0
00008296_001.png 0 0 0 0 0 0 0 0 0 0 0 0 0 0
00008297_008.png 0 0 0 0 0 0 0 0 0 0 0 0 0 0
00008298_002.png 0 0 0 0 0 0 0 0 0 0 0 0 0 0
00008299_002.png 0 0 0 0 0 0 0 0 0 0 0 0 0 0
00008302_000.png 0 0 0 0 0 0 0 0 0 0 0 0 0 0
00008308_000.png 0 0 0 0 0 0 0 0 0 0 0 0 0 0
00008309_011.png 0 0 0 0 0 0 0 0 0 0 0 0 0 0
00008312_003.png 0 0 0 0 0 0 0 0 0 0 0 0 0 0
00008318_001.png 0 0 0 0 0 0 0 0 0 0 0 0 0 0
00008327_000.png 0 0 0 0 0 0 0 0 0 0 0 0 0 0
00008327_001.png 0 0 0 0 0 0 0 0 0 0 0 0 0 0
00008342_024.png 0 0 0 0 0 0 0 0 0 0 0 0 0 0
00008342_027.png 0 0 0 0 0 0 0 0 0 0 0 0 0 0
00008343_001.png 0 0 0 1 0 0 1 0 0 0 0 0 0 0
00008344_002.png 0 0 0 0 0 0 0 0 0 0 0 0 0 0
00008347_004.png 0 0 0 0 0 0 0 0 0 0 0 0 0 0
00008347_009.png 0 0 1 1 0 0 1 0 0 1 0 0 0 0
00008347_010.png 0 0 0 0 0 0 0 0 0 0 0 0 0 0
00008348_002.png 0 0 0 0 0 0 0 0 0 0 0 0 0 0
00008354_000.png 0 0 0 0 0 0 0 0 0 0 0 0 0 0
00008362_003.png 0 0 0 0 0 0 0 0 0 0 0 0 0 0
00008362_013.png 0 0 0 0 0 0 1 0 0 0 0 0 0 0
00008362_014.png 0 0 0 1 0 0 1 0 0 1 0 0 0 0
00008362_015.png 0 0 0 1 0 0 1 0 0 1 0 0 0 0
00008362_028.png 0 0 0 0 0 0 0 0 0 0 0 0 0 0
00008363_001.png 0 0 0 0 0 0 0 0 0 0 0 0 0 0
00008363_002.png 0 0 0 0 0 0 0 0 0 0 0 0 0 0
00008363_004.png 0 0 0 0 0 0 0 0 0 0 0 0 0 0
00008365_000.png 0 1 0 0 0 0 1 0 0 0 0 0 0 0
00008365_001.png 0 0 0 0 0 0 0 0 0 0 0 0 0 0
00008365_002.png 0 0 0 0 0 0 0 0 0 0 0 0 0 0
00008371_000.png 0 0 0 0 0 0 0 0 0 0 0 0 0 0
00008375_005.png 0 0 0 0 0 0 0 0 0 0 0 0 0 0
00008383_003.png 0 0 0 0 0 0 0 0 0 0 0 0 0 0
00008384_000.png 0 0 0 0 0 0 0 0 0 0 0 0 0 0
00008386_001.png 0 0 0 0 0 0 0 0 0 0 0 0 0 0
00008387_000.png 0 0 0 0 0 0 0 0 0 0 0 0 0 0
00008387_014.png 1 0 1 1 0 0 1 0 0 0 0 0 0 0
00008387_018.png 1 0 1 1 0 0 1 0 0 0 0 0 0 0
00008390_000.png 0 0 0 0 0 0 0 0 0 0 0 0 0 0
00008394_001.png 0 0 0 0 0 0 0 0 0 0 0 0 0 0
00008397_012.png 1 0 0 0 0 0 1 1 1 1 0 0 0 0
00008397_016.png 0 0 0 0 0 0 1 0 0 0 0 0 0 0
00008397_017.png 0 0 0 0 0 0 0 0 0 0 0 0 0 0
00008400_000.png 0 0 0 0 0 0 0 0 0 0 0 0 0 0
00008401_006.png 0 0 0 0 0 0 1 0 0 0 0 0 0 0
00008406_001.png 0 0 0 0 0 0 0 0 0 0 0 0 0 0
00008411_000.png 0 0 0 0 0 0 0 0 0 0 0 0 0 0
00008411_003.png 0 0 0 0 0 0 0 0 0 0 0 0 0 0
00008411_004.png 0 0 0 0 0 0 0 0 0 0 0 0 0 0
00008413_000.png 0 0 0 0 0 0 0 0 0 0 0 0 0 0
00008413_001.png 0 0 0 0 0 0 0 0 0 0 0 0 0 0
00008416_000.png 0 0 0 0 0 0 0 0 0 0 0 0 0 0
00008420_000.png 0 0 0 0 0 0 0 0 0 0 0 0 0 0
00008420_002.png 0 0 0 0 0 0 0 0 0 0 0 0 0 0
00008429_005.png 0 0 0 0 0 0 0 0 0 0 0 0 0 0
00008430_000.png 0 0 0 0 0 0 0 0 0 0 0 0 0 0
00008433_002.png 0 0 0 0 0 0 0 0 0 0 0 0 0 0
00008445_002.png 0 0 0 0 0 0 0 0 0 0 0 0 0 0
00008451_002.png 0 0 0 0 0 0 0 0 0 0 0 0 0 0
00008451_013.png 0 0 0 0 0 0 0 0 0 0 0 0 0 0
00008456_002.png 0 0 0 0 0 0 0 0 0 0 0 0 0 0
00008458_000.png 0 0 0 0 0 0 0 0 0 0 0 0 0 0
00008460_000.png 0 0 0 0 0 0 0 0 0 0 0 0 0 0
00008462_000.png 0 0 0 0 0 0 0 0 0 0 0 0 0 0
00008468_008.png 0 0 0 0 0 0 0 0 0 0 0 0 0 0
00008468_030.png 0 0 0 0 0 0 0 0 0 0 0 0 0 0
00008468_057.png 0 0 0 0 0 0 0 0 0 0 0 0 0 0
00008470_001.png 0 0 0 0 0 0 0 0 0 0 0 0 0 0
00008470_008.png 0 0 0 0 0 0 1 0 0 0 0 0 0 0
00008470_009.png 0 0 0 0 0 0 0 0 0 0 0 0 0 0
00008480_006.png 0 0 0 0 0 0 0 0 0 0 0 0 0 0
00008489_013.png 0 0 0 0 0 0 0 0 0 0 0 0 0 0
00008489_017.png 0 0 0 0 0 0 0 0 0 0 0 0 0 0
00008489_023.png 0 0 0 0 0 0 0 0 0 0 0 0 0 0
00008489_024.png 0 0 1 1 0 0 1 0 0 0 0 0 0 0
00008504_003.png 0 0 0 0 0 0 0 0 0 0 0 0 0 0
00008507_000.png 0 0 0 0 0 0 0 0 0 0 0 0 0 0
00008510_005.png 0 0 0 0 0 0 0 0 0 0 0 0 0 0
00008513_002.png 0 0 0 0 0 0 0 0 0 0 0 0 0 0
00008519_000.png 0 0 0 0 0 0 0 0 0 0 0 0 0 0
00008522_006.png 0 0 0 0 0 0 0 0 0 0 0 0 0 0
00008522_038.png 0 0 0 0 0 0 0 0 0 0 0 0 0 0
00008522_059.png 0 0 0 0 0 0 0 0 0 0 0 0 0 0
00008522_061.png 0 0 0 0 0 0 0 0 0 0 0 0 0 0
00008523_001.png 0 0 0 0 0 0 0 0 0 0 0 0 0 0
00008523_002.png 0 0 0 0 0 0 0 0 0 0 0 0 0 0
00008531_000.png 0 0 0 0 0 0 0 0 0 0 0 0 0 0
00008532_000.png 0 0 0 0 0 0 0 0 0 0 0 0 0 0
00008536_001.png 0 0 0 0 0 0 0 0 0 0 0 0 0 0
00008538_000.png 0 0 0 0 0 0 0 0 0 0 0 0 0 0
00008538_003.png 0 0 0 0 0 0 0 0 0 0 0 0 0 0
00008556_000.png 0 0 0 0 0 0 0 0 0 0 0 0 0 0
00008561_001.png 0 0 0 0 0 0 0 0 0 0 0 0 0 0
00008562_000.png 0 0 0 0 0 0 0 0 0 0 0 0 0 0
00008567_005.png 0 0 0 0 0 0 0 0 0 0 0 0 0 0
00008574_002.png 0 0 0 0 0 0 0 0 0 0 0 0 0 0
00008592_002.png 0 0 0 0 0 0 0 0 0 0 0 0 0 0
00008593_003.png 0 0 0 0 0 0 0 0 0 0 0 0 0 0
00008593_006.png 0 0 0 0 0 0 0 0 0 0 0 0 0 0
00008597_001.png 0 0 0 0 0 0 0 0 0 0 0 0 0 0
00008597_006.png 0 0 0 0 0 0 0 0 0 0 0 0 0 0
00008602_000.png 0 0 0 0 0 0 0 0 0 0 0 0 0 0
00008609_000.png 0 0 0 0 0 0 0 0 0 0 0 0 0 0
00008613_000.png 0 0 0 0 0 0 0 0 0 0 0 0 0 0
00008613_003.png 0 0 0 0 0 0 0 0 0 0 0 0 0 0
00008614_000.png 0 0 0 0 0 0 0 0 0 0 0 0 0 0
00008615_000.png 0 0 0 0 0 0 0 0 0 0 0 0 0 0
00008619_000.png 0 0 0 0 0 0 0 0 0 0 0 0 0 0
00008623_001.png 0 0 0 0 0 0 0 0 0 0 0 0 0 0
00008626_009.png 0 0 0 0 0 0 0 0 0 0 0 0 0 0
00008626_010.png 0 0 0 0 0 0 0 0 0 0 0 0 0 0
00008626_029.png 0 0 0 0 0 0 0 0 0 0 0 0 0 0
00008626_032.png 0 0 0 0 0 0 0 0 0 0 0 0 0 0
00008638_002.png 0 0 0 1 0 0 1 0 0 1 0 0 0 0
00008645_000.png 0 0 0 0 0 0 0 0 0 0 0 0 0 0
00008645_006.png 0 0 0 0 0 0 0 0 0 0 0 0 0 0
00008649_001.png 0 0 0 0 0 0 0 0 0 0 0 0 0 0
00008649_003.png 0 0 0 0 0 0 0 0 0 0 0 0 0 0
00008654_000.png 0 0 0 0 0 0 0 0 0 0 0 0 0 0
00008661_000.png 0 0 0 0 0 0 0 0 0 0 0 0 0 0
00008663_004.png 0 0 0 0 0 0 0 0 0 0 0 0 0 0
00008664_000.png 0 0 0 0 0 0 0 0 0 0 0 0 0 0
00008664_003.png 0 0 0 0 0 0 0 0 0 0 0 0 0 0
00008667_000.png 0 0 0 0 0 0 0 0 0 0 0 0 0 0
00008670_000.png 0 0 0 0 0 0 0 0 0 0 0 0 0 0
00008673_000.png 0 0 0 0 0 0 0 0 0 0 0 0 0 0
00008675_000.png 0 0 0 0 0 0 0 0 0 0 0 0 0 0
00008680_000.png 0 0 0 0 0 0 0 0 0 0 0 0 0 0
00008681_000.png 0 0 0 0 0 0 0 0 0 0 0 0 0 0
00008685_000.png 0 0 0 0 0 0 0 0 0 0 0 0 0 0
00008686_000.png 0 0 0 0 0 0 0 0 0 0 0 0 0 0
00008687_001.png 0 0 0 0 0 0 0 0 0 0 0 0 0 0
00008689_002.png 0 0 0 0 0 0 0 0 0 0 0 0 0 0
00008691_003.png 0 0 0 0 0 0 0 0 0 0 0 0 0 0
00008691_005.png 0 0 1 0 0 0 1 0 0 0 0 0 0 0
00008691_009.png 0 0 0 0 0 0 0 0 0 0 0 0 0 0
00008691_013.png 0 0 0 0 0 0 0 0 0 0 0 0 0 0
00008693_000.png 0 0 0 0 0 0 0 0 0 0 0 0 0 0
00008697_003.png 0 0 0 0 0 0 0 0 0 0 0 0 0 0
00008697_006.png 0 0 0 0 0 0 0 0 0 0 0 0 0 0
00008700_000.png 0 0 0 0 0 0 0 0 0 0 0 0 0 0
00008701_005.png 0 0 0 0 0 0 0 0 0 0 0 0 0 0
00008701_047.png 0 0 0 0 0 0 0 0 0 0 0 0 0 0
00008707_001.png 0 0 0 0 0 0 0 0 0 0 0 0 0 0
00008707_007.png 0 0 0 0 0 0 0 0 0 0 0 0 0 0
00008711_000.png 0 0 0 0 0 0 0 0 0 0 0 0 0 0
00008715_000.png 0 0 0 0 0 1 1 0 0 0 0 0 0 0
00008722_000.png 0 0 0 0 0 0 0 0 0 0 0 0 0 0
00008727_009.png 0 0 0 0 0 0 1 0 0 0 0 0 0 0
00008734_003.png 0 0 0 0 0 0 0 0 0 0 0 0 0 0
00008738_001.png 0 0 0 0 0 0 0 0 0 0 0 0 0 0
00008739_006.png 0 0 0 0 0 0 0 0 0 0 0 0 0 0
00008742_003.png 0 0 0 0 0 0 0 0 0 0 0 0 0 0
00008744_000.png 0 0 0 0 0 0 0 0 0 0 0 0 0 0
00008745_007.png 0 0 0 0 0 0 0 0 0 0 0 0 0 0
00008745_034.png 0 0 0 0 0 0 1 0 0 0 0 0 0 0
00008752_002.png 0 0 0 0 0 0 0 0 0 0 0 0 0 0
00008752_004.png 0 0 0 0 0 0 0 0 0 0 0 0 0 0
00008756_000.png 0 0 0 0 0 0 0 0 0 0 0 0 0 0
00008757_000.png 0 0 0 0 0 0 0 0 0 0 0 0 0 0
00008763_000.png 0 0 0 0 0 0 0 0 0 0 0 0 0 0
00008763_001.png 0 0 0 0 0 1 1 0 0 0 0 0 0 0
00008768_000.png 0 0 0 0 0 0 0 0 0 0 0 0 0 0
00008774_001.png 0 0 0 0 0 0 0 0 0 0 0 0 0 0
00008775_000.png 0 0 0 0 0 0 0 0 0 0 0 0 0 0
00008775_007.png 0 0 0 0 0 0 0 0 0 0 0 0 0 0
00008778_000.png 0 0 0 0 0 0 0 0 0 0 0 0 0 0
00008779_001.png 0 0 0 0 0 0 0 0 0 0 0 0 0 0
00008789_000.png 0 0 0 0 0 0 0 0 0 0 0 0 0 0
00008789_001.png 0 0 0 0 0 0 0 0 0 0 0 0 0 0
00008793_001.png 0 0 0 0 0 0 0 0 0 0 0 0 0 0
00008793_002.png 0 0 0 0 0 0 0 0 0 0 0 0 0 0
00008794_000.png 0 0 0 0 0 0 0 0 0 0 0 0 0 0
00008802_001.png 0 0 0 0 0 0 0 0 0 0 0 0 0 0
00008802_004.png 0 0 0 0 0 0 0 0 0 0 0 0 0 0
00008802_008.png 0 0 0 0 0 0 0 0 0 0 0 0 0 0
00008806_003.png 0 0 0 0 0 0 0 0 0 0 0 0 0 0
00008808_000.png 0 0 0 0 0 0 0 0 0 0 0 0 0 0
00008814_003.png 0 0 0 0 0 0 0 0 0 0 0 0 0 0
00008819_001.png 0 0 0 0 0 0 0 0 0 0 0 0 0 0
00008821_000.png 0 0 0 0 0 0 0 0 0 0 0 0 0 0
00008826_001.png 0 0 0 0 0 0 0 0 0 0 0 0 0 0
00008835_004.png 0 0 0 0 0 0 0 0 0 0 0 0 0 0
00008835_005.png 0 0 0 0 0 0 0 0 0 0 0 0 0 0
00008841_001.png 0 0 0 0 0 0 0 0 0 0 0 0 0 0
00008841_002.png 0 0 0 0 0 0 0 0 0 0 0 0 0 0
00008841_033.png 0 0 0 0 0 0 0 0 0 0 0 0 0 0
00008841_049.png 0 0 0 0 0 0 0 0 0 0 0 0 0 0
00008842_001.png 0 0 0 0 0 0 0 0 0 0 0 0 0 0
00008842_002.png 0 0 0 0 0 0 0 0 0 0 0 0 0 0
00008842_003.png 0 0 0 0 0 0 0 0 0 0 0 0 0 0
00008843_001.png 0 0 0 0 0 0 0 0 0 0 0 0 0 0
00008846_002.png 0 0 0 0 0 0 0 0 0 0 0 0 0 0
00008848_001.png 0 0 0 0 0 0 0 0 0 0 0 0 0 0
00008850_003.png 0 0 0 0 0 0 0 0 0 0 0 0 0 0
00008852_000.png 0 0 0 0 0 0 0 0 0 0 0 0 0 0
00008852_002.png 0 0 0 0 0 0 0 0 0 0 0 0 0 0
00008855_002.png 0 0 0 0 0 0 0 0 0 0 0 0 0 0
00008855_014.png 0 0 0 0 0 0 0 0 0 0 0 0 0 0
00008858_001.png 0 0 0 0 0 0 0 0 0 0 0 0 0 0
00008858_002.png 0 0 0 0 0 0 0 0 0 0 0 0 0 0
00008858_003.png 0 0 0 0 0 0 0 0 0 0 0 0 0 0
00008860_002.png 0 0 0 0 0 0 0 0 0 0 0 0 0 0
00008863_000.png 0 0 0 0 0 0 0 0 0 0 0 0 0 0
00008864_002.png 0 0 0 0 0 0 0 0 0 0 0 0 0 0
00008864_003.png 0 0 0 0 0 0 0 0 0 0 0 0 0 0
00008867_000.png 0 0 0 0 0 0 0 0 0 0 0 0 0 0
00008871_000.png 0 0 0 0 0 0 0 0 0 0 0 0 0 0
00008875_002.png 0 0 0 0 0 0 0 0 0 0 0 0 0 0
00008875_003.png 0 0 0 0 0 0 0 0 0 0 0 0 0 0
00008875_004.png 0 0 0 0 0 0 0 0 0 0 0 0 0 0
00008875_015.png 0 0 0 0 0 0 0 0 0 0 0 0 0 0
00008880_000.png 0 0 0 0 0 0 0 0 0 0 0 0 0 0
00008888_003.png 0 0 0 0 0 0 0 0 0 0 0 0 0 0
00008888_014.png 0 0 0 0 0 0 0 0 0 0 0 0 0 0
00008888_020.png 0 0 0 0 0 0 0 0 0 0 0 0 0 0
00008888_032.png 0 0 0 0 0 0 0 0 0 0 0 0 0 0
00008888_038.png 0 0 0 0 0 0 0 0 0 0 0 0 0 0
00008891_000.png 0 0 0 0 0 0 0 0 0 0 0 0 0 0
00008891_001.png 0 0 0 0 0 0 0 0 0 0 0 0 0 0
00008895_000.png 0 0 0 0 0 0 0 0 0 0 0 0 0 0
00008896_000.png 0 0 0 0 0 0 0 0 0 0 0 0 0 0
00008899_002.png 0 0 0 0 0 0 0 0 0 0 0 0 0 0
00008899_004.png 0 0 0 0 0 0 0 0 0 0 0 0 0 0
00008903_001.png 0 0 0 0 0 0 0 0 0 0 0 0 0 0
00008908_005.png 0 0 0 0 0 0 0 0 0 0 0 0 0 0
00008911_000.png 0 0 0 0 0 0 0 0 0 0 0 0 0 0
00008911_006.png 0 0 0 0 0 0 0 0 0 0 0 0 0 0
00008918_000.png 0 0 0 0 0 0 0 0 0 0 0 0 0 0
00008919_002.png 0 0 0 0 0 0 0 0 0 0 0 0 0 0
00008922_004.png 0 0 0 0 0 0 0 0 0 0 0 0 0 0
00008922_008.png 0 0 0 0 0 0 0 0 0 0 0 0 0 0
00008922_010.png 0 0 0 0 0 0 0 0 0 0 0 0 0 0
00008929_000.png 0 0 0 0 0 0 0 0 0 0 0 0 0 0
00008930_001.png 0 0 0 0 0 0 0 0 0 0 0 0 0 0
00008937_000.png 0 0 0 0 0 0 0 0 0 0 0 0 0 0
00008958_001.png 0 0 0 1 0 0 1 0 0 0 0 0 0 0
00008962_000.png 0 0 0 0 0 0 0 0 0 0 0 0 0 0
00008968_000.png 0 0 0 0 0 0 0 0 0 0 0 0 0 0
00008970_001.png 0 0 0 0 0 0 0 0 0 0 0 0 0 0
00008972_001.png 0 0 0 0 0 0 0 0 0 0 0 0 0 0
00008975_002.png 0 0 0 0 0 0 0 0 0 0 0 0 0 0
00008978_000.png 0 0 0 0 0 0 0 0 0 0 0 0 0 0
00008981_000.png 0 0 0 0 0 0 0 0 0 0 0 0 0 0
00008988_001.png 0 0 0 0 0 0 0 0 0 0 0 0 0 0
00008990_001.png 0 0 0 0 0 0 0 0 0 0 0 0 0 0
00008998_002.png 0 0 0 0 0 0 0 0 0 0 0 0 0 0
00009000_002.png 0 0 0 0 0 0 0 0 0 0 0 0 0 0
00009001_000.png 0 0 0 0 0 0 0 0 0 0 0 0 0 0
00009001_004.png 0 0 0 0 0 0 0 0 0 0 0 0 0 0
00009012_004.png 0 0 0 0 0 0 0 0 0 0 0 0 0 0
00009012_010.png 0 0 0 0 0 0 0 0 0 0 0 0 0 0
00009015_003.png 0 0 0 0 0 0 0 0 0 0 0 0 0 0
00009016_002.png 0 0 0 0 0 0 0 0 0 0 0 0 0 0
00009018_002.png 0 0 0 0 0 0 0 0 0 0 0 0 0 0
00009023_005.png 0 0 0 0 0 0 0 0 0 0 0 0 0 0
00009025_000.png 0 0 0 0 0 0 0 0 0 0 0 0 0 0
00009028_000.png 0 0 0 0 0 0 0 0 0 0 0 0 0 0
00009034_000.png 0 0 0 0 0 0 0 0 0 0 0 0 0 0
00009035_000.png 0 0 0 0 0 0 0 0 0 0 0 0 0 0
00009036_000.png 0 0 0 0 0 0 0 0 0 0 0 0 0 0
00009043_000.png 0 0 0 0 0 0 0 0 0 0 0 0 0 0
00009046_000.png 0 0 0 0 0 0 0 0 0 0 0 0 0 0
00009048_002.png 0 0 0 0 0 0 1 0 0 0 0 0 0 0
00009049_000.png 0 0 0 0 0 0 0 0 0 0 0 0 0 0
00009049_002.png 0 0 0 0 0 0 0 0 0 0 0 0 0 0
00009049_006.png 0 0 0 0 0 0 0 0 0 0 0 0 0 0
00009050_001.png 0 0 0 0 0 0 0 0 0 0 0 0 0 0
00009051_003.png 0 0 0 0 0 0 0 0 0 0 0 0 0 0
00009051_007.png 0 0 0 0 0 0 0 0 0 0 0 0 0 0
00009051_008.png 0 0 0 0 0 0 0 0 0 0 0 0 0 0
00009051_009.png 0 0 0 0 0 0 0 0 0 0 0 0 0 0
00009053_000.png 0 0 0 0 0 0 0 0 0 0 0 0 0 0
00009058_002.png 0 0 0 0 0 0 0 0 0 0 0 0 0 0
00009061_002.png 0 0 0 0 0 0 0 0 0 0 0 0 0 0
00009081_000.png 0 0 0 0 0 0 1 0 0 0 0 0 0 0
00009082_007.png 0 0 0 0 0 0 0 0 0 0 0 0 0 0
00009089_002.png 0 0 0 0 0 0 0 0 0 0 0 0 0 0
00009090_001.png 0 0 0 0 0 0 0 0 0 0 0 0 0 0
00009090_002.png 0 0 0 0 0 0 0 0 0 0 0 0 0 0
00009094_000.png 0 0 0 0 0 0 0 0 0 0 0 0 0 0
00009095_000.png 0 0 0 0 0 0 0 0 0 0 0 0 0 0
00009100_002.png 0 0 0 0 0 0 0 0 0 0 0 0 0 0
00009101_000.png 0 0 0 0 0 0 0 0 0 0 0 0 0 0
00009102_000.png 0 0 0 0 0 0 0 0 0 0 0 0 0 0
00009103_000.png 0 0 0 0 0 0 0 0 0 0 0 0 0 0
00009110_001.png 0 0 0 0 0 0 0 0 0 0 0 0 0 0
00009110_002.png 0 0 0 0 0 0 0 0 0 0 0 0 0 0
00009114_003.png 0 0 0 0 0 0 0 0 0 0 0 0 0 0
00009117_002.png 0 0 0 0 0 0 0 0 0 0 0 0 0 0
00009128_000.png 0 0 0 0 0 0 0 0 0 0 0 0 0 0
00009135_001.png 0 0 0 0 0 0 0 0 0 0 0 0 0 0
00009137_000.png 0 0 0 0 0 0 0 0 0 0 0 0 0 0
00009138_009.png 0 0 0 0 0 0 0 0 0 0 0 0 0 0
00009138_021.png 0 0 0 0 0 0 0 0 0 0 0 0 0 0
00009138_039.png 0 0 0 0 0 0 0 0 0 0 0 0 0 0
00009146_000.png 0 0 0 0 0 0 0 0 0 0 0 0 0 0
00009148_001.png 0 0 0 0 0 0 0 0 0 0 0 0 0 0
00009150_000.png 0 0 0 0 0 0 0 0 0 0 0 0 0 0
00009151_000.png 0 0 0 0 0 0 0 0 0 0 0 0 0 0
00009161_000.png 0 0 0 0 0 0 0 0 0 0 0 0 0 0
00009166_010.png 0 0 0 0 0 0 0 0 0 0 0 0 0 0
00009168_000.png 0 0 0 0 0 0 0 0 0 0 0 0 0 0
00009175_001.png 0 0 0 0 0 0 0 0 0 0 0 0 0 0
00009176_000.png 0 0 0 0 0 0 0 0 0 0 0 0 0 0
00009182_001.png 0 0 0 0 0 0 0 0 0 0 0 0 0 0
00009189_008.png 0 0 0 0 0 0 0 0 0 0 0 0 0 0
00009190_003.png 0 0 0 0 0 0 0 0 0 0 0 0 0 0
00009201_000.png 0 0 0 0 0 0 0 0 0 0 0 0 0 0
00009209_000.png 0 0 0 0 0 0 0 0 0 0 0 0 0 0
00009213_000.png 0 0 0 0 0 0 0 0 0 0 0 0 0 0
00009218_001.png 0 0 0 0 0 0 0 0 0 0 0 0 0 0
00009218_016.png 0 0 0 0 0 0 0 0 0 0 0 0 0 0
00009218_034.png 0 0 0 0 0 0 0 0 0 0 0 0 0 0
00009219_003.png 0 0 0 0 0 0 0 0 0 0 0 0 0 0
00009219_005.png 0 0 0 0 0 0 0 0 0 0 0 0 0 0
00009219_006.png 0 0 0 0 0 0 0 0 0 0 0 0 0 0
00009219_007.png 0 0 0 0 0 0 0 0 0 0 0 0 0 0
00009221_000.png 0 0 0 0 0 0 0 0 0 0 0 0 0 0
00009226_000.png 0 0 0 0 0 0 0 0 0 0 0 0 0 0
00009229_003.png 0 0 0 0 0 0 0 0 0 0 0 0 0 0
00009229_005.png 0 0 0 0 0 0 0 0 0 0 0 0 0 0
00009229_011.png 0 0 0 0 0 0 0 0 0 0 0 0 0 0
00009229_012.png 0 0 0 0 0 0 0 0 0 0 0 0 0 0
00009229_017.png 0 0 0 0 0 0 0 0 0 0 0 0 0 0
00009231_002.png 0 0 0 0 0 0 0 0 0 0 0 0 0 0
00009231_004.png 0 0 0 0 0 0 0 0 0 0 0 0 0 0
00009231_005.png 0 0 0 0 0 0 0 0 0 0 0 0 0 0
00009231_007.png 0 0 0 0 0 0 0 0 0 0 0 0 0 0
00009232_001.png 0 0 0 0 0 0 0 0 0 0 0 0 0 0
IM-0117-0001.jpeg 0 0 0 0 0 0 0 0 0 0 0 0 0 0
IM-0119-0001.jpeg 0 0 0 0 0 0 0 0 0 0 0 0 0 0
IM-0122-0001.jpeg 0 0 0 0 0 0 0 0 0 0 0 0 0 0
IM-0128-0001.jpeg 0 0 0 0 0 0 0 0 0 0 0 0 0 0
IM-0133-0001.jpeg 0 0 0 0 0 0 0 0 0 0 0 0 0 0
IM-0143-0001.jpeg 0 0 0 0 0 0 0 0 0 0 0 0 0 0
IM-0147-0001.jpeg 0 0 0 0 0 0 0 0 0 0 0 0 0 0
IM-0149-0001.jpeg 0 0 0 0 0 0 0 0 0 0 0 0 0 0
IM-0151-0001.jpeg 0 0 0 0 0 0 0 0 0 0 0 0 0 0
IM-0152-0001.jpeg 0 0 0 0 0 0 0 0 0 0 0 0 0 0
IM-0156-0001.jpeg 0 0 0 0 0 0 0 0 0 0 0 0 0 0
IM-0160-0001.jpeg 0 0 0 0 0 0 0 0 0 0 0 0 0 0
IM-0166-0001.jpeg 0 0 0 0 0 0 0 0 0 0 0 0 0 0
IM-0168-0001.jpeg 0 0 0 0 0 0 0 0 0 0 0 0 0 0
IM-0178-0001.jpeg 0 0 0 0 0 0 0 0 0 0 0 0 0 0
IM-0182-0001.jpeg 0 0 0 0 0 0 0 0 0 0 0 0 0 0
IM-0189-0001.jpeg 0 0 0 0 0 0 0 0 0 0 0 0 0 0
IM-0199-0001.jpeg 0 0 0 0 0 0 0 0 0 0 0 0 0 0
IM-0203-0001.jpeg 0 0 0 0 0 0 0 0 0 0 0 0 0 0
IM-0216-0001.jpeg 0 0 0 0 0 0 0 0 0 0 0 0 0 0
IM-0217-0001.jpeg 0 0 0 0 0 0 0 0 0 0 0 0 0 0
IM-0218-0001.jpeg 0 0 0 0 0 0 0 0 0 0 0 0 0 0
IM-0222-0001.jpeg 0 0 0 0 0 0 0 0 0 0 0 0 0 0
IM-0226-0001.jpeg 0 0 0 0 0 0 0 0 0 0 0 0 0 0
IM-0227-0001.jpeg 0 0 0 0 0 0 0 0 0 0 0 0 0 0
IM-0228-0001.jpeg 0 0 0 0 0 0 0 0 0 0 0 0 0 0
IM-0242-0001.jpeg 0 0 0 0 0 0 0 0 0 0 0 0 0 0
IM-0243-0001.jpeg 0 0 0 0 0 0 0 0 0 0 0 0 0 0
IM-0244-0001.jpeg 0 0 0 0 0 0 0 0 0 0 0 0 0 0
IM-0245-0001.jpeg 0 0 0 0 0 0 0 0 0 0 0 0 0 0
IM-0248-0001.jpeg 0 0 0 0 0 0 0 0 0 0 0 0 0 0
IM-0253-0001.jpeg 0 0 0 0 0 0 0 0 0 0 0 0 0 0
IM-0255-0001.jpeg 0 0 0 0 0 0 0 0 0 0 0 0 0 0
IM-0262-0001.jpeg 0 0 0 0 0 0 0 0 0 0 0 0 0 0
IM-0264-0001.jpeg 0 0 0 0 0 0 0 0 0 0 0 0 0 0
IM-0268-0001.jpeg 0 0 0 0 0 0 0 0 0 0 0 0 0 0
IM-0269-0001.jpeg 0 0 0 0 0 0 0 0 0 0 0 0 0 0
IM-0272-0001.jpeg 0 0 0 0 0 0 0 0 0 0 0 0 0 0
IM-0273-0001.jpeg 0 0 0 0 0 0 0 0 0 0 0 0 0 0
IM-0274-0001.jpeg 0 0 0 0 0 0 0 0 0 0 0 0 0 0
IM-0276-0001.jpeg 0 0 0 0 0 0 0 0 0 0 0 0 0 0
IM-0277-0001.jpeg 0 0 0 0 0 0 0 0 0 0 0 0 0 0
IM-0279-0001.jpeg 0 0 0 0 0 0 0 0 0 0 0 0 0 0
IM-0282-0001.jpeg 0 0 0 0 0 0 0 0 0 0 0 0 0 0
IM-0283-0001.jpeg 0 0 0 0 0 0 0 0 0 0 0 0 0 0
IM-0289-0001.jpeg 0 0 0 0 0 0 0 0 0 0 0 0 0 0
IM-0291-0001.jpeg 0 0 0 0 0 0 0 0 0 0 0 0 0 0
IM-0293-0001.jpeg 0 0 0 0 0 0 0 0 0 0 0 0 0 0
IM-0294-0001.jpeg 0 0 0 0 0 0 0 0 0 0 0 0 0 0
IM-0298-0001.jpeg 0 0 0 0 0 0 0 0 0 0 0 0 0 0
IM-0303-0001.jpeg 0 0 0 0 0 0 0 0 0 0 0 0 0 0
IM-0311-0001.jpeg 0 0 0 0 0 0 0 0 0 0 0 0 0 0
IM-0312-0001.jpeg 0 0 0 0 0 0 0 0 0 0 0 0 0 0
IM-0314-0001.jpeg 0 0 0 0 0 0 0 0 0 0 0 0 0 0
IM-0315-0001.jpeg 0 0 0 0 0 0 0 0 0 0 0 0 0 0
IM-0316-0001.jpeg 0 0 0 0 0 0 0 0 0 0 0 0 0 0
IM-0323-0001.jpeg 0 0 0 0 0 0 0 0 0 0 0 0 0 0
IM-0326-0001.jpeg 0 0 0 0 0 0 0 0 0 0 0 0 0 0
IM-0331-0001.jpeg 0 0 0 0 0 0 0 0 0 0 0 0 0 0
IM-0332-0001.jpeg 0 0 0 0 0 0 0 0 0 0 0 0 0 0
IM-0337-0001.jpeg 0 0 0 0 0 0 0 0 0 0 0 0 0 0
IM-0343-0001.jpeg 0 0 0 0 0 0 0 0 0 0 0 0 0 0
IM-0346-0001.jpeg 0 0 0 0 0 0 0 0 0 0 0 0 0 0
IM-0348-0001.jpeg 0 0 0 0 0 0 0 0 0 0 0 0 0 0
IM-0349-0001.jpeg 0 0 0 0 0 0 0 0 0 0 0 0 0 0
IM-0350-0001.jpeg 0 0 0 0 0 0 0 0 0 0 0 0 0 0
IM-0351-0001.jpeg 0 0 0 0 0 0 0 0 0 0 0 0 0 0
IM-0364-0001.jpeg 0 0 0 0 0 0 0 0 0 0 0 0 0 0
IM-0368-0001.jpeg 0 0 0 0 0 0 0 0 0 0 0 0 0 0
IM-0369-0001.jpeg 0 0 0 0 0 0 0 0 0 0 0 0 0 0
IM-0370-0001.jpeg 0 0 0 0 0 0 0 0 0 0 0 0 0 0
IM-0371-0001.jpeg 0 0 0 0 0 0 0 0 0 0 0 0 0 0
IM-0374-0001.jpeg 0 0 0 0 0 0 0 0 0 0 0 0 0 0
IM-0375-0001.jpeg 0 0 0 0 0 0 0 0 0 0 0 0 0 0
IM-0388-0001.jpeg 0 0 0 0 0 0 0 0 0 0 0 0 0 0
IM-0394-0001.jpeg 0 0 0 0 0 0 0 0 0 0 0 0 0 0
IM-0395-0001.jpeg 0 0 0 0 0 0 0 0 0 0 0 0 0 0
IM-0400-0001.jpeg 0 0 0 0 0 0 0 0 0 0 0 0 0 0
IM-0403-0001.jpeg 0 0 0 0 0 0 0 0 0 0 0 0 0 0
IM-0410-0001.jpeg 0 0 0 0 0 0 0 0 0 0 0 0 0 0
IM-0414-0001.jpeg 0 0 0 0 0 0 0 0 0 0 0 0 0 0
IM-0416-0001.jpeg 0 0 0 0 0 0 0 0 0 0 0 0 0 0
IM-0421-0001.jpeg 0 0 0 0 0 0 0 0 0 0 0 0 0 0
IM-0424-0001.jpeg 0 0 0 0 0 0 0 0 0 0 0 0 0 0
IM-0425-0001.jpeg 0 0 0 0 0 0 0 0 0 0 0 0 0 0
IM-0428-0001.jpeg 0 0 0 0 0 0 0 0 0 0 0 0 0 0
IM-0429-0001.jpeg 0 0 0 0 0 0 0 0 0 0 0 0 0 0
IM-0431-0001.jpeg 0 0 0 0 0 0 0 0 0 0 0 0 0 0
IM-0433-0001.jpeg 0 0 0 0 0 0 0 0 0 0 0 0 0 0
IM-0435-0001-0001.jpeg 0 0 0 0 0 0 0 0 0 0 0 0 0 0
IM-0437-0001-0001.jpeg 0 0 0 0 0 0 0 0 0 0 0 0 0 0
IM-0439-0001.jpeg 0 0 0 0 0 0 0 0 0 0 0 0 0 0
IM-0440-0001.jpeg 0 0 0 0 0 0 0 0 0 0 0 0 0 0
IM-0442-0001.jpeg 0 0 0 0 0 0 0 0 0 0 0 0 0 0
IM-0444-0001.jpeg 0 0 0 0 0 0 0 0 0 0 0 0 0 0
IM-0450-0001.jpeg 0 0 0 0 0 0 0 0 0 0 0 0 0 0
IM-0453-0001.jpeg 0 0 0 0 0 0 0 0 0 0 0 0 0 0
IM-0456-0001.jpeg 0 0 0 0 0 0 0 0 0 0 0 0 0 0
IM-0460-0001.jpeg 0 0 0 0 0 0 0 0 0 0 0 0 0 0
IM-0464-0001.jpeg 0 0 0 0 0 0 0 0 0 0 0 0 0 0
IM-0466-0001.jpeg 0 0 0 0 0 0 0 0 0 0 0 0 0 0
IM-0467-0001-0001.jpeg 0 0 0 0 0 0 0 0 0 0 0 0 0 0
IM-0467-0001-0002.jpeg 0 0 0 0 0 0 0 0 0 0 0 0 0 0
IM-0469-0001.jpeg 0 0 0 0 0 0 0 0 0 0 0 0 0 0
IM-0472-0001.jpeg 0 0 0 0 0 0 0 0 0 0 0 0 0 0
IM-0474-0001.jpeg 0 0 0 0 0 0 0 0 0 0 0 0 0 0
IM-0475-0001.jpeg 0 0 0 0 0 0 0 0 0 0 0 0 0 0
IM-0476-0001.jpeg 0 0 0 0 0 0 0 0 0 0 0 0 0 0
IM-0478-0001.jpeg 0 0 0 0 0 0 0 0 0 0 0 0 0 0
IM-0480-0001.jpeg 0 0 0 0 0 0 0 0 0 0 0 0 0 0
IM-0481-0001.jpeg 0 0 0 0 0 0 0 0 0 0 0 0 0 0
IM-0482-0001.jpeg 0 0 0 0 0 0 0 0 0 0 0 0 0 0
IM-0484-0001.jpeg 0 0 0 0 0 0 0 0 0 0 0 0 0 0
IM-0487-0001.jpeg 0 0 0 0 0 0 0 0 0 0 0 0 0 0
IM-0489-0001.jpeg 0 0 0 0 0 0 0 0 0 0 0 0 0 0
IM-0491-0001-0001.jpeg 0 0 0 0 0 0 0 0 0 0 0 0 0 0
IM-0492-0001.jpeg 0 0 0 0 0 0 0 0 0 0 0 0 0 0
IM-0493-0001.jpeg 0 0 0 0 0 0 0 0 0 0 0 0 0 0
IM-0494-0001.jpeg 0 0 0 0 0 0 0 0 0 0 0 0 0 0
IM-0496-0001.jpeg 0 0 0 0 0 0 0 0 0 0 0 0 0 0
IM-0497-0001-0001.jpeg 0 0 0 0 0 0 0 0 0 0 0 0 0 0
IM-0497-0001-0002.jpeg 0 0 0 0 0 0 0 0 0 0 0 0 0 0
IM-0497-0001.jpeg 0 0 0 0 0 0 0 0 0 0 0 0 0 0
IM-0499-0001.jpeg 0 0 0 0 0 0 0 0 0 0 0 0 0 0
IM-0501-0001-0001.jpeg 0 0 0 0 0 0 0 0 0 0 0 0 0 0
IM-0501-0001-0002.jpeg 0 0 0 0 0 0 0 0 0 0 0 0 0 0
IM-0501-0001.jpeg 0 0 0 0 0 0 0 0 0 0 0 0 0 0
IM-0502-0001.jpeg 0 0 0 0 0 0 0 0 0 0 0 0 0 0
IM-0503-0001.jpeg 0 0 0 0 0 0 0 0 0 0 0 0 0 0
IM-0509-0001-0001.jpeg 0 0 0 0 0 0 0 0 0 0 0 0 0 0
IM-0509-0001-0002.jpeg 0 0 0 0 0 0 0 0 0 0 0 0 0 0
IM-0510-0001.jpeg 0 0 0 0 0 0 0 0 0 0 0 0 0 0
IM-0512-0001.jpeg 0 0 0 0 0 0 0 0 0 0 0 0 0 0
IM-0514-0001.jpeg 0 0 0 0 0 0 0 0 0 0 0 0 0 0
IM-0521-0001.jpeg 0 0 0 0 0 0 0 0 0 0 0 0 0 0
IM-0522-0001.jpeg 0 0 0 0 0 0 0 0 0 0 0 0 0 0
IM-0523-0001-0001.jpeg 0 0 0 0 0 0 0 0 0 0 0 0 0 0
IM-0523-0001-0002.jpeg 0 0 0 0 0 0 0 0 0 0 0 0 0 0
IM-0523-0001.jpeg 0 0 0 0 0 0 0 0 0 0 0 0 0 0
IM-0525-0001-0001.jpeg 0 0 0 0 0 0 0 0 0 0 0 0 0 0
IM-0525-0001.jpeg 0 0 0 0 0 0 0 0 0 0 0 0 0 0
IM-0529-0001.jpeg 0 0 0 0 0 0 0 0 0 0 0 0 0 0
IM-0530-0001.jpeg 0 0 0 0 0 0 0 0 0 0 0 0 0 0
IM-0533-0001.jpeg 0 0 0 0 0 0 0 0 0 0 0 0 0 0
IM-0538-0001.jpeg 0 0 0 0 0 0 0 0 0 0 0 0 0 0
IM-0539-0001-0002.jpeg 0 0 0 0 0 0 0 0 0 0 0 0 0 0
IM-0541-0001.jpeg 0 0 0 0 0 0 0 0 0 0 0 0 0 0
IM-0542-0001.jpeg 0 0 0 0 0 0 0 0 0 0 0 0 0 0
IM-0545-0001-0001.jpeg 0 0 0 0 0 0 0 0 0 0 0 0 0 0
IM-0546-0001.jpeg 0 0 0 0 0 0 0 0 0 0 0 0 0 0
IM-0551-0001-0002.jpeg 0 0 0 0 0 0 0 0 0 0 0 0 0 0
IM-0551-0001.jpeg 0 0 0 0 0 0 0 0 0 0 0 0 0 0
IM-0553-0001-0001.jpeg 0 0 0 0 0 0 0 0 0 0 0 0 0 0
IM-0553-0001-0003.jpeg 0 0 0 0 0 0 0 0 0 0 0 0 0 0
IM-0553-0001.jpeg 0 0 0 0 0 0 0 0 0 0 0 0 0 0
IM-0554-0001.jpeg 0 0 0 0 0 0 0 0 0 0 0 0 0 0
IM-0559-0001.jpeg 0 0 0 0 0 0 0 0 0 0 0 0 0 0
IM-0560-0001.jpeg 0 0 0 0 0 0 0 0 0 0 0 0 0 0
IM-0561-0001.jpeg 0 0 0 0 0 0 0 0 0 0 0 0 0 0
IM-0562-0001.jpeg 0 0 0 0 0 0 0 0 0 0 0 0 0 0
IM-0564-0001.jpeg 0 0 0 0 0 0 0 0 0 0 0 0 0 0
IM-0571-0001.jpeg 0 0 0 0 0 0 0 0 0 0 0 0 0 0
IM-0577-0001.jpeg 0 0 0 0 0 0 0 0 0 0 0 0 0 0
IM-0582-0001.jpeg 0 0 0 0 0 0 0 0 0 0 0 0 0 0
IM-0584-0001.jpeg 0 0 0 0 0 0 0 0 0 0 0 0 0 0
IM-0586-0001.jpeg 0 0 0 0 0 0 0 0 0 0 0 0 0 0
IM-0593-0001.jpeg 0 0 0 0 0 0 0 0 0 0 0 0 0 0
IM-0596-0001.jpeg 0 0 0 0 0 0 0 0 0 0 0 0 0 0
IM-0599-0001.jpeg 0 0 0 0 0 0 0 0 0 0 0 0 0 0
IM-0601-0001.jpeg 0 0 0 0 0 0 0 0 0 0 0 0 0 0
IM-0605-0001.jpeg 0 0 0 0 0 0 0 0 0 0 0 0 0 0
IM-0608-0001-0002.jpeg 0 0 0 0 0 0 0 0 0 0 0 0 0 0
IM-0612-0001.jpeg 0 0 0 0 0 0 0 0 0 0 0 0 0 0
IM-0614-0001.jpeg 0 0 0 0 0 0 0 0 0 0 0 0 0 0
IM-0618-0001-0001.jpeg 0 0 0 0 0 0 0 0 0 0 0 0 0 0
IM-0618-0001-0002.jpeg 0 0 0 0 0 0 0 0 0 0 0 0 0 0
IM-0618-0001.jpeg 0 0 0 0 0 0 0 0 0 0 0 0 0 0
IM-0619-0001.jpeg 0 0 0 0 0 0 0 0 0 0 0 0 0 0
IM-0620-0001-0001.jpeg 0 0 0 0 0 0 0 0 0 0 0 0 0 0
IM-0622-0001-0001.jpeg 0 0 0 0 0 0 0 0 0 0 0 0 0 0
IM-0622-0001.jpeg 0 0 0 0 0 0 0 0 0 0 0 0 0 0
IM-0623-0001.jpeg 0 0 0 0 0 0 0 0 0 0 0 0 0 0
IM-0624-0001.jpeg 0 0 0 0 0 0 0 0 0 0 0 0 0 0
IM-0625-0001.jpeg 0 0 0 0 0 0 0 0 0 0 0 0 0 0
IM-0627-0001.jpeg 0 0 0 0 0 0 0 0 0 0 0 0 0 0
IM-0628-0001.jpeg 0 0 0 0 0 0 0 0 0 0 0 0 0 0
IM-0631-0001-0001.jpeg 0 0 0 0 0 0 0 0 0 0 0 0 0 0
IM-0631-0001.jpeg 0 0 0 0 0 0 0 0 0 0 0 0 0 0
IM-0634-0001.jpeg 0 0 0 0 0 0 0 0 0 0 0 0 0 0
IM-0640-0001-0001.jpeg 0 0 0 0 0 0 0 0 0 0 0 0 0 0
IM-0644-0001-0002.jpeg 0 0 0 0 0 0 0 0 0 0 0 0 0 0
IM-0644-0001.jpeg 0 0 0 0 0 0 0 0 0 0 0 0 0 0
IM-0645-0001.jpeg 0 0 0 0 0 0 0 0 0 0 0 0 0 0
IM-0646-0001.jpeg 0 0 0 0 0 0 0 0 0 0 0 0 0 0
IM-0647-0001.jpeg 0 0 0 0 0 0 0 0 0 0 0 0 0 0
IM-0650-0001-0001.jpeg 0 0 0 0 0 0 0 0 0 0 0 0 0 0
IM-0650-0001-0002.jpeg 0 0 0 0 0 0 0 0 0 0 0 0 0 0
IM-0652-0001.jpeg 0 0 0 0 0 0 0 0 0 0 0 0 0 0
IM-0655-0001.jpeg 0 0 0 0 0 0 0 0 0 0 0 0 0 0
IM-0656-0001.jpeg 0 0 0 0 0 0 0 0 0 0 0 0 0 0
IM-0657-0001.jpeg 0 0 0 0 0 0 0 0 0 0 0 0 0 0
IM-0658-0001.jpeg 0 0 0 0 0 0 0 0 0 0 0 0 0 0
IM-0660-0001-0001.jpeg 0 0 0 0 0 0 0 0 0 0 0 0 0 0
IM-0660-0001-0002.jpeg 0 0 0 0 0 0 0 0 0 0 0 0 0 0
IM-0660-0001.jpeg 0 0 0 0 0 0 0 0 0 0 0 0 0 0
IM-0663-0001.jpeg 0 0 0 0 0 0 0 0 0 0 0 0 0 0
IM-0666-0001-0001.jpeg 0 0 0 0 0 0 0 0 0 0 0 0 0 0
IM-0666-0001-0002.jpeg 0 0 0 0 0 0 0 0 0 0 0 0 0 0
IM-0666-0001.jpeg 0 0 0 0 0 0 0 0 0 0 0 0 0 0
IM-0667-0001.jpeg 0 0 0 0 0 0 0 0 0 0 0 0 0 0
IM-0669-0001.jpeg 0 0 0 0 0 0 0 0 0 0 0 0 0 0
IM-0677-0001.jpeg 0 0 0 0 0 0 0 0 0 0 0 0 0 0
IM-0679-0001.jpeg 0 0 0 0 0 0 0 0 0 0 0 0 0 0
IM-0683-0001.jpeg 0 0 0 0 0 0 0 0 0 0 0 0 0 0
IM-0685-0001.jpeg 0 0 0 0 0 0 0 0 0 0 0 0 0 0
IM-0689-0001.jpeg 0 0 0 0 0 0 0 0 0 0 0 0 0 0
IM-0693-0001.jpeg 0 0 0 0 0 0 0 0 0 0 0 0 0 0
IM-0695-0001.jpeg 0 0 0 0 0 0 0 0 0 0 0 0 0 0
IM-0696-0001.jpeg 0 0 0 0 0 0 0 0 0 0 0 0 0 0
IM-0698-0001.jpeg 0 0 0 0 0 0 0 0 0 0 0 0 0 0
IM-0700-0001.jpeg 0 0 0 0 0 0 0 0 0 0 0 0 0 0
IM-0701-0001.jpeg 0 0 0 0 0 0 0 0 0 0 0 0 0 0
IM-0703-0001.jpeg 0 0 0 0 0 0 0 0 0 0 0 0 0 0
IM-0704-0001.jpeg 0 0 0 0 0 0 0 0 0 0 0 0 0 0
IM-0706-0001.jpeg 0 0 0 0 0 0 0 0 0 0 0 0 0 0
IM-0713-0001.jpeg 0 0 0 0 0 0 0 0 0 0 0 0 0 0
IM-0715-0001.jpeg 0 0 0 0 0 0 0 0 0 0 0 0 0 0
IM-0717-0001.jpeg 0 0 0 0 0 0 0 0 0 0 0 0 0 0
IM-0718-0001.jpeg 0 0 0 0 0 0 0 0 0 0 0 0 0 0
IM-0724-0001.jpeg 0 0 0 0 0 0 0 0 0 0 0 0 0 0
IM-0730-0001.jpeg 0 0 0 0 0 0 0 0 0 0 0 0 0 0
IM-0732-0001.jpeg 0 0 0 0 0 0 0 0 0 0 0 0 0 0
IM-0737-0001.jpeg 0 0 0 0 0 0 0 0 0 0 0 0 0 0
IM-0738-0001.jpeg 0 0 0 0 0 0 0 0 0 0 0 0 0 0
IM-0739-0001.jpeg 0 0 0 0 0 0 0 0 0 0 0 0 0 0
IM-0747-0001.jpeg 0 0 0 0 0 0 0 0 0 0 0 0 0 0
IM-0748-0001.jpeg 0 0 0 0 0 0 0 0 0 0 0 0 0 0
IM-0755-0001.jpeg 0 0 0 0 0 0 0 0 0 0 0 0 0 0
IM-0757-0001.jpeg 0 0 0 0 0 0 0 0 0 0 0 0 0 0
NORMAL2-IM-0390-0001.jpeg 0 0 0 0 0 0 0 0 0 0 0 0 0 0
NORMAL2-IM-0392-0001.jpeg 0 0 0 0 0 0 0 0 0 0 0 0 0 0
NORMAL2-IM-0396-0001.jpeg 0 0 0 0 0 0 0 0 0 0 0 0 0 0
NORMAL2-IM-0397-0001.jpeg 0 0 0 0 0 0 0 0 0 0 0 0 0 0
NORMAL2-IM-0402-0001.jpeg 0 0 0 0 0 0 0 0 0 0 0 0 0 0
NORMAL2-IM-0404-0001.jpeg 0 0 0 0 0 0 0 0 0 0 0 0 0 0
NORMAL2-IM-0407-0001.jpeg 0 0 0 0 0 0 0 0 0 0 0 0 0 0
NORMAL2-IM-0416-0001.jpeg 0 0 0 0 0 0 0 0 0 0 0 0 0 0
NORMAL2-IM-0421-0001.jpeg 0 0 0 0 0 0 0 0 0 0 0 0 0 0
NORMAL2-IM-0423-0001.jpeg 0 0 0 0 0 0 0 0 0 0 0 0 0 0
NORMAL2-IM-0424-0001.jpeg 0 0 0 0 0 0 0 0 0 0 0 0 0 0
NORMAL2-IM-0425-0001.jpeg 0 0 0 0 0 0 0 0 0 0 0 0 0 0
NORMAL2-IM-0427-0001.jpeg 0 0 0 0 0 0 0 0 0 0 0 0 0 0
NORMAL2-IM-0428-0001.jpeg 0 0 0 0 0 0 0 0 0 0 0 0 0 0
NORMAL2-IM-0429-0001.jpeg 0 0 0 0 0 0 0 0 0 0 0 0 0 0
NORMAL2-IM-0433-0001.jpeg 0 0 0 0 0 0 0 0 0 0 0 0 0 0
NORMAL2-IM-0437-0001.jpeg 0 0 0 0 0 0 0 0 0 0 0 0 0 0
NORMAL2-IM-0439-0001.jpeg 0 0 0 0 0 0 0 0 0 0 0 0 0 0
NORMAL2-IM-0443-0001.jpeg 0 0 0 0 0 0 0 0 0 0 0 0 0 0
NORMAL2-IM-0445-0001.jpeg 0 0 0 0 0 0 0 0 0 0 0 0 0 0
NORMAL2-IM-0447-0001.jpeg 0 0 0 0 0 0 0 0 0 0 0 0 0 0
NORMAL2-IM-0448-0001.jpeg 0 0 0 0 0 0 0 0 0 0 0 0 0 0
NORMAL2-IM-0452-0001.jpeg 0 0 0 0 0 0 0 0 0 0 0 0 0 0
NORMAL2-IM-0454-0001.jpeg 0 0 0 0 0 0 0 0 0 0 0 0 0 0
NORMAL2-IM-0458-0001.jpeg 0 0 0 0 0 0 0 0 0 0 0 0 0 0
NORMAL2-IM-0460-0001.jpeg 0 0 0 0 0 0 0 0 0 0 0 0 0 0
NORMAL2-IM-0474-0001.jpeg 0 0 0 0 0 0 0 0 0 0 0 0 0 0
NORMAL2-IM-0476-0001.jpeg 0 0 0 0 0 0 0 0 0 0 0 0 0 0
NORMAL2-IM-0478-0001.jpeg 0 0 0 0 0 0 0 0 0 0 0 0 0 0
NORMAL2-IM-0480-0001.jpeg 0 0 0 0 0 0 0 0 0 0 0 0 0 0
NORMAL2-IM-0487-0001.jpeg 0 0 0 0 0 0 0 0 0 0 0 0 0 0
NORMAL2-IM-0488-0001.jpeg 0 0 0 0 0 0 0 0 0 0 0 0 0 0
NORMAL2-IM-0499-0001.jpeg 0 0 0 0 0 0 0 0 0 0 0 0 0 0
NORMAL2-IM-0503-0001.jpeg 0 0 0 0 0 0 0 0 0 0 0 0 0 0
NORMAL2-IM-0506-0001.jpeg 0 0 0 0 0 0 0 0 0 0 0 0 0 0
NORMAL2-IM-0507-0001.jpeg 0 0 0 0 0 0 0 0 0 0 0 0 0 0
NORMAL2-IM-0508-0001.jpeg 0 0 0 0 0 0 0 0 0 0 0 0 0 0
NORMAL2-IM-0513-0001.jpeg 0 0 0 0 0 0 0 0 0 0 0 0 0 0
NORMAL2-IM-0517-0001.jpeg 0 0 0 0 0 0 0 0 0 0 0 0 0 0
NORMAL2-IM-0520-0001.jpeg 0 0 0 0 0 0 0 0 0 0 0 0 0 0
NORMAL2-IM-0521-0001.jpeg 0 0 0 0 0 0 0 0 0 0 0 0 0 0
NORMAL2-IM-0523-0001.jpeg 0 0 0 0 0 0 0 0 0 0 0 0 0 0
NORMAL2-IM-0525-0001.jpeg 0 0 0 0 0 0 0 0 0 0 0 0 0 0
NORMAL2-IM-0529-0001.jpeg 0 0 0 0 0 0 0 0 0 0 0 0 0 0
NORMAL2-IM-0530-0001.jpeg 0 0 0 0 0 0 0 0 0 0 0 0 0 0
NORMAL2-IM-0531-0001.jpeg 0 0 0 0 0 0 0 0 0 0 0 0 0 0
NORMAL2-IM-0535-0001.jpeg 0 0 0 0 0 0 0 0 0 0 0 0 0 0
NORMAL2-IM-0537-0001.jpeg 0 0 0 0 0 0 0 0 0 0 0 0 0 0
NORMAL2-IM-0545-0001.jpeg 0 0 0 0 0 0 0 0 0 0 0 0 0 0
NORMAL2-IM-0555-0001-0001.jpeg 0 0 0 0 0 0 0 0 0 0 0 0 0 0
NORMAL2-IM-0555-0001.jpeg 0 0 0 0 0 0 0 0 0 0 0 0 0 0
NORMAL2-IM-0561-0001.jpeg 0 0 0 0 0 0 0 0 0 0 0 0 0 0
NORMAL2-IM-0563-0001.jpeg 0 0 0 0 0 0 0 0 0 0 0 0 0 0
NORMAL2-IM-0564-0001.jpeg 0 0 0 0 0 0 0 0 0 0 0 0 0 0
NORMAL2-IM-0566-0001.jpeg 0 0 0 0 0 0 0 0 0 0 0 0 0 0
NORMAL2-IM-0572-0001.jpeg 0 0 0 0 0 0 0 0 0 0 0 0 0 0
NORMAL2-IM-0573-0001.jpeg 0 0 0 0 0 0 0 0 0 0 0 0 0 0
NORMAL2-IM-0579-0001.jpeg 0 0 0 0 0 0 0 0 0 0 0 0 0 0
NORMAL2-IM-0580-0001.jpeg 0 0 0 0 0 0 0 0 0 0 0 0 0 0
NORMAL2-IM-0582-0001.jpeg 0 0 0 0 0 0 0 0 0 0 0 0 0 0
NORMAL2-IM-0587-0001-0002.jpeg 0 0 0 0 0 0 0 0 0 0 0 0 0 0
NORMAL2-IM-0595-0001.jpeg 0 0 0 0 0 0 0 0 0 0 0 0 0 0
NORMAL2-IM-0599-0001.jpeg 0 0 0 0 0 0 0 0 0 0 0 0 0 0
NORMAL2-IM-0601-0001.jpeg 0 0 0 0 0 0 0 0 0 0 0 0 0 0
NORMAL2-IM-0616-0001.jpeg 0 0 0 0 0 0 0 0 0 0 0 0 0 0
NORMAL2-IM-0620-0001.jpeg 0 0 0 0 0 0 0 0 0 0 0 0 0 0
NORMAL2-IM-0621-0001.jpeg 0 0 0 0 0 0 0 0 0 0 0 0 0 0
NORMAL2-IM-0623-0001.jpeg 0 0 0 0 0 0 0 0 0 0 0 0 0 0
NORMAL2-IM-0627-0001.jpeg 0 0 0 0 0 0 0 0 0 0 0 0 0 0
NORMAL2-IM-0630-0001.jpeg 0 0 0 0 0 0 0 0 0 0 0 0 0 0
NORMAL2-IM-0642-0001.jpeg 0 0 0 0 0 0 0 0 0 0 0 0 0 0
NORMAL2-IM-0643-0001.jpeg 0 0 0 0 0 0 0 0 0 0 0 0 0 0
NORMAL2-IM-0647-0001.jpeg 0 0 0 0 0 0 0 0 0 0 0 0 0 0
NORMAL2-IM-0651-0001.jpeg 0 0 0 0 0 0 0 0 0 0 0 0 0 0
NORMAL2-IM-0652-0001.jpeg 0 0 0 0 0 0 0 0 0 0 0 0 0 0
NORMAL2-IM-0659-0001.jpeg 0 0 0 0 0 0 0 0 0 0 0 0 0 0
NORMAL2-IM-0669-0001.jpeg 0 0 0 0 0 0 0 0 0 0 0 0 0 0
NORMAL2-IM-0673-0001.jpeg 0 0 0 0 0 0 0 0 0 0 0 0 0 0
NORMAL2-IM-0687-0001.jpeg 0 0 0 0 0 0 0 0 0 0 0 0 0 0
NORMAL2-IM-0690-0001.jpeg 0 0 0 0 0 0 0 0 0 0 0 0 0 0
NORMAL2-IM-0694-0001.jpeg 0 0 0 0 0 0 0 0 0 0 0 0 0 0
NORMAL2-IM-0695-0001.jpeg 0 0 0 0 0 0 0 0 0 0 0 0 0 0
NORMAL2-IM-0700-0001.jpeg 0 0 0 0 0 0 0 0 0 0 0 0 0 0
NORMAL2-IM-0702-0001.jpeg 0 0 0 0 0 0 0 0 0 0 0 0 0 0
NORMAL2-IM-0707-0001.jpeg 0 0 0 0 0 0 0 0 0 0 0 0 0 0
NORMAL2-IM-0718-0001.jpeg 0 0 0 0 0 0 0 0 0 0 0 0 0 0
NORMAL2-IM-0719-0001.jpeg 0 0 0 0 0 0 0 0 0 0 0 0 0 0
NORMAL2-IM-0725-0001.jpeg 0 0 0 0 0 0 0 0 0 0 0 0 0 0
NORMAL2-IM-0730-0001.jpeg 0 0 0 0 0 0 0 0 0 0 0 0 0 0
NORMAL2-IM-0736-0001.jpeg 0 0 0 0 0 0 0 0 0 0 0 0 0 0
NORMAL2-IM-0746-0001.jpeg 0 0 0 0 0 0 0 0 0 0 0 0 0 0
NORMAL2-IM-0771-0001.jpeg 0 0 0 0 0 0 0 0 0 0 0 0 0 0
NORMAL2-IM-0774-0001.jpeg 0 0 0 0 0 0 0 0 0 0 0 0 0 0
NORMAL2-IM-0775-0001.jpeg 0 0 0 0 0 0 0 0 0 0 0 0 0 0
NORMAL2-IM-0776-0001.jpeg 0 0 0 0 0 0 0 0 0 0 0 0 0 0
NORMAL2-IM-0777-0001.jpeg 0 0 0 0 0 0 0 0 0 0 0 0 0 0
NORMAL2-IM-0781-0001.jpeg 0 0 0 0 0 0 0 0 0 0 0 0 0 0
NORMAL2-IM-0790-0001.jpeg 0 0 0 0 0 0 0 0 0 0 0 0 0 0
NORMAL2-IM-0796-0001.jpeg 0 0 0 0 0 0 0 0 0 0 0 0 0 0
NORMAL2-IM-0798-0001.jpeg 0 0 0 0 0 0 0 0 0 0 0 0 0 0
NORMAL2-IM-0806-0001.jpeg 0 0 0 0 0 0 0 0 0 0 0 0 0 0
NORMAL2-IM-0807-0001.jpeg 0 0 0 0 0 0 0 0 0 0 0 0 0 0
NORMAL2-IM-0808-0001.jpeg 0 0 0 0 0 0 0 0 0 0 0 0 0 0
NORMAL2-IM-0809-0001.jpeg 0 0 0 0 0 0 0 0 0 0 0 0 0 0
NORMAL2-IM-0810-0001.jpeg 0 0 0 0 0 0 0 0 0 0 0 0 0 0
NORMAL2-IM-0811-0001.jpeg 0 0 0 0 0 0 0 0 0 0 0 0 0 0
NORMAL2-IM-0816-0001.jpeg 0 0 0 0 0 0 0 0 0 0 0 0 0 0
NORMAL2-IM-0821-0001.jpeg 0 0 0 0 0 0 0 0 0 0 0 0 0 0
NORMAL2-IM-0826-0001.jpeg 0 0 0 0 0 0 0 0 0 0 0 0 0 0
NORMAL2-IM-0831-0001.jpeg 0 0 0 0 0 0 0 0 0 0 0 0 0 0
NORMAL2-IM-0834-0001.jpeg 0 0 0 0 0 0 0 0 0 0 0 0 0 0
NORMAL2-IM-0836-0001.jpeg 0 0 0 0 0 0 0 0 0 0 0 0 0 0
NORMAL2-IM-0843-0001.jpeg 0 0 0 0 0 0 0 0 0 0 0 0 0 0
NORMAL2-IM-0849-0001.jpeg 0 0 0 0 0 0 0 0 0 0 0 0 0 0
NORMAL2-IM-0851-0001-0002.jpeg 0 0 0 0 0 0 0 0 0 0 0 0 0 0
NORMAL2-IM-0853-0001.jpeg 0 0 0 0 0 0 0 0 0 0 0 0 0 0
NORMAL2-IM-0857-0001.jpeg 0 0 0 0 0 0 0 0 0 0 0 0 0 0
NORMAL2-IM-0859-0001.jpeg 0 0 0 0 0 0 0 0 0 0 0 0 0 0
NORMAL2-IM-0862-0001.jpeg 0 0 0 0 0 0 0 0 0 0 0 0 0 0
NORMAL2-IM-0863-0001.jpeg 0 0 0 0 0 0 0 0 0 0 0 0 0 0
NORMAL2-IM-0865-0001.jpeg 0 0 0 0 0 0 0 0 0 0 0 0 0 0
NORMAL2-IM-0869-0001.jpeg 0 0 0 0 0 0 0 0 0 0 0 0 0 0
NORMAL2-IM-0870-0001.jpeg 0 0 0 0 0 0 0 0 0 0 0 0 0 0
NORMAL2-IM-0872-0001.jpeg 0 0 0 0 0 0 0 0 0 0 0 0 0 0
NORMAL2-IM-0874-0001.jpeg 0 0 0 0 0 0 0 0 0 0 0 0 0 0
NORMAL2-IM-0879-0001.jpeg 0 0 0 0 0 0 0 0 0 0 0 0 0 0
NORMAL2-IM-0881-0001.jpeg 0 0 0 0 0 0 0 0 0 0 0 0 0 0
NORMAL2-IM-0882-0001.jpeg 0 0 0 0 0 0 0 0 0 0 0 0 0 0
NORMAL2-IM-0888-0001.jpeg 0 0 0 0 0 0 0 0 0 0 0 0 0 0
NORMAL2-IM-0890-0001.jpeg 0 0 0 0 0 0 0 0 0 0 0 0 0 0
NORMAL2-IM-0893-0001.jpeg 0 0 0 0 0 0 0 0 0 0 0 0 0 0
NORMAL2-IM-0897-0001.jpeg 0 0 0 0 0 0 0 0 0 0 0 0 0 0
NORMAL2-IM-0898-0001.jpeg 0 0 0 0 0 0 0 0 0 0 0 0 0 0
NORMAL2-IM-0903-0001.jpeg 0 0 0 0 0 0 0 0 0 0 0 0 0 0
NORMAL2-IM-0908-0001.jpeg 0 0 0 0 0 0 0 0 0 0 0 0 0 0
NORMAL2-IM-0910-0001.jpeg 0 0 0 0 0 0 0 0 0 0 0 0 0 0
NORMAL2-IM-0911-0001.jpeg 0 0 0 0 0 0 0 0 0 0 0 0 0 0
NORMAL2-IM-0914-0001.jpeg 0 0 0 0 0 0 0 0 0 0 0 0 0 0
NORMAL2-IM-0915-0001.jpeg 0 0 0 0 0 0 0 0 0 0 0 0 0 0
NORMAL2-IM-0922-0001.jpeg 0 0 0 0 0 0 0 0 0 0 0 0 0 0
NORMAL2-IM-0923-0001.jpeg 0 0 0 0 0 0 0 0 0 0 0 0 0 0
NORMAL2-IM-0925-0001.jpeg 0 0 0 0 0 0 0 0 0 0 0 0 0 0
NORMAL2-IM-0929-0001.jpeg 0 0 0 0 0 0 0 0 0 0 0 0 0 0
NORMAL2-IM-0932-0001.jpeg 0 0 0 0 0 0 0 0 0 0 0 0 0 0
NORMAL2-IM-0933-0001.jpeg 0 0 0 0 0 0 0 0 0 0 0 0 0 0
NORMAL2-IM-0934-0001.jpeg 0 0 0 0 0 0 0 0 0 0 0 0 0 0
NORMAL2-IM-0939-0001.jpeg 0 0 0 0 0 0 0 0 0 0 0 0 0 0
NORMAL2-IM-0942-0001.jpeg 0 0 0 0 0 0 0 0 0 0 0 0 0 0
NORMAL2-IM-0947-0001.jpeg 0 0 0 0 0 0 0 0 0 0 0 0 0 0
NORMAL2-IM-0949-0001.jpeg 0 0 0 0 0 0 0 0 0 0 0 0 0 0
NORMAL2-IM-0956-0001.jpeg 0 0 0 0 0 0 0 0 0 0 0 0 0 0
NORMAL2-IM-0959-0001.jpeg 0 0 0 0 0 0 0 0 0 0 0 0 0 0
NORMAL2-IM-0965-0001.jpeg 0 0 0 0 0 0 0 0 0 0 0 0 0 0
NORMAL2-IM-0967-0001.jpeg 0 0 0 0 0 0 0 0 0 0 0 0 0 0
NORMAL2-IM-0969-0001.jpeg 0 0 0 0 0 0 0 0 0 0 0 0 0 0
NORMAL2-IM-0970-0001.jpeg 0 0 0 0 0 0 0 0 0 0 0 0 0 0
NORMAL2-IM-0974-0001.jpeg 0 0 0 0 0 0 0 0 0 0 0 0 0 0
NORMAL2-IM-0977-0001.jpeg 0 0 0 0 0 0 0 0 0 0 0 0 0 0
NORMAL2-IM-0988-0001.jpeg 0 0 0 0 0 0 0 0 0 0 0 0 0 0
NORMAL2-IM-0989-0001.jpeg 0 0 0 0 0 0 0 0 0 0 0 0 0 0
NORMAL2-IM-0993-0001.jpeg 0 0 0 0 0 0 0 0 0 0 0 0 0 0
NORMAL2-IM-0994-0001.jpeg 0 0 0 0 0 0 0 0 0 0 0 0 0 0
NORMAL2-IM-0995-0001-0001.jpeg 0 0 0 0 0 0 0 0 0 0 0 0 0 0
NORMAL2-IM-0995-0001-0002.jpeg 0 0 0 0 0 0 0 0 0 0 0 0 0 0
NORMAL2-IM-0999-0001.jpeg 0 0 0 0 0 0 0 0 0 0 0 0 0 0
NORMAL2-IM-1002-0001.jpeg 0 0 0 0 0 0 0 0 0 0 0 0 0 0
NORMAL2-IM-1005-0001.jpeg 0 0 0 0 0 0 0 0 0 0 0 0 0 0
NORMAL2-IM-1006-0001.jpeg 0 0 0 0 0 0 0 0 0 0 0 0 0 0
NORMAL2-IM-1010-0001.jpeg 0 0 0 0 0 0 0 0 0 0 0 0 0 0
NORMAL2-IM-1011-0001.jpeg 0 0 0 0 0 0 0 0 0 0 0 0 0 0
NORMAL2-IM-1017-0001.jpeg 0 0 0 0 0 0 0 0 0 0 0 0 0 0
NORMAL2-IM-1019-0001.jpeg 0 0 0 0 0 0 0 0 0 0 0 0 0 0
NORMAL2-IM-1020-0001-0001.jpeg 0 0 0 0 0 0 0 0 0 0 0 0 0 0
NORMAL2-IM-1023-0001.jpeg 0 0 0 0 0 0 0 0 0 0 0 0 0 0
NORMAL2-IM-1024-0001.jpeg 0 0 0 0 0 0 0 0 0 0 0 0 0 0
NORMAL2-IM-1025-0001.jpeg 0 0 0 0 0 0 0 0 0 0 0 0 0 0
NORMAL2-IM-1039-0001.jpeg 0 0 0 0 0 0 0 0 0 0 0 0 0 0
NORMAL2-IM-1043-0001.jpeg 0 0 0 0 0 0 0 0 0 0 0 0 0 0
NORMAL2-IM-1045-0001.jpeg 0 0 0 0 0 0 0 0 0 0 0 0 0 0
NORMAL2-IM-1046-0001.jpeg 0 0 0 0 0 0 0 0 0 0 0 0 0 0
NORMAL2-IM-1048-0001.jpeg 0 0 0 0 0 0 0 0 0 0 0 0 0 0
NORMAL2-IM-1050-0001.jpeg 0 0 0 0 0 0 0 0 0 0 0 0 0 0
NORMAL2-IM-1051-0001.jpeg 0 0 0 0 0 0 0 0 0 0 0 0 0 0
NORMAL2-IM-1052-0001.jpeg 0 0 0 0 0 0 0 0 0 0 0 0 0 0
NORMAL2-IM-1053-0001.jpeg 0 0 0 0 0 0 0 0 0 0 0 0 0 0
NORMAL2-IM-1054-0001.jpeg 0 0 0 0 0 0 0 0 0 0 0 0 0 0
NORMAL2-IM-1064-0001.jpeg 0 0 0 0 0 0 0 0 0 0 0 0 0 0
NORMAL2-IM-1067-0001-0001.jpeg 0 0 0 0 0 0 0 0 0 0 0 0 0 0
NORMAL2-IM-1084-0001.jpeg 0 0 0 0 0 0 0 0 0 0 0 0 0 0
NORMAL2-IM-1086-0001.jpeg 0 0 0 0 0 0 0 0 0 0 0 0 0 0
NORMAL2-IM-1088-0001.jpeg 0 0 0 0 0 0 0 0 0 0 0 0 0 0
NORMAL2-IM-1089-0001.jpeg 0 0 0 0 0 0 0 0 0 0 0 0 0 0
NORMAL2-IM-1090-0001.jpeg 0 0 0 0 0 0 0 0 0 0 0 0 0 0
NORMAL2-IM-1093-0001.jpeg 0 0 0 0 0 0 0 0 0 0 0 0 0 0
NORMAL2-IM-1094-0001-0002.jpeg 0 0 0 0 0 0 0 0 0 0 0 0 0 0
NORMAL2-IM-1096-0001.jpeg 0 0 0 0 0 0 0 0 0 0 0 0 0 0
NORMAL2-IM-1098-0001.jpeg 0 0 0 0 0 0 0 0 0 0 0 0 0 0
NORMAL2-IM-1100-0001.jpeg 0 0 0 0 0 0 0 0 0 0 0 0 0 0
NORMAL2-IM-1102-0001.jpeg 0 0 0 0 0 0 0 0 0 0 0 0 0 0
NORMAL2-IM-1105-0001.jpeg 0 0 0 0 0 0 0 0 0 0 0 0 0 0
NORMAL2-IM-1109-0001.jpeg 0 0 0 0 0 0 0 0 0 0 0 0 0 0
NORMAL2-IM-1110-0001.jpeg 0 0 0 0 0 0 0 0 0 0 0 0 0 0
NORMAL2-IM-1112-0001.jpeg 0 0 0 0 0 0 0 0 0 0 0 0 0 0
NORMAL2-IM-1113-0001.jpeg 0 0 0 0 0 0 0 0 0 0 0 0 0 0
NORMAL2-IM-1117-0001.jpeg 0 0 0 0 0 0 0 0 0 0 0 0 0 0
NORMAL2-IM-1123-0001.jpeg 0 0 0 0 0 0 0 0 0 0 0 0 0 0
NORMAL2-IM-1128-0001.jpeg 0 0 0 0 0 0 0 0 0 0 0 0 0 0
NORMAL2-IM-1131-0001.jpeg 0 0 0 0 0 0 0 0 0 0 0 0 0 0
NORMAL2-IM-1136-0001.jpeg 0 0 0 0 0 0 0 0 0 0 0 0 0 0
NORMAL2-IM-1138-0001.jpeg 0 0 0 0 0 0 0 0 0 0 0 0 0 0
NORMAL2-IM-1142-0001-0001.jpeg 0 0 0 0 0 0 0 0 0 0 0 0 0 0
NORMAL2-IM-1142-0001.jpeg 0 0 0 0 0 0 0 0 0 0 0 0 0 0
NORMAL2-IM-1145-0001.jpeg 0 0 0 0 0 0 0 0 0 0 0 0 0 0
NORMAL2-IM-1148-0001.jpeg 0 0 0 0 0 0 0 0 0 0 0 0 0 0
NORMAL2-IM-1149-0001.jpeg 0 0 0 0 0 0 0 0 0 0 0 0 0 0
NORMAL2-IM-1152-0001-0001.jpeg 0 0 0 0 0 0 0 0 0 0 0 0 0 0
NORMAL2-IM-1152-0001-0002.jpeg 0 0 0 0 0 0 0 0 0 0 0 0 0 0
NORMAL2-IM-1152-0001.jpeg 0 0 0 0 0 0 0 0 0 0 0 0 0 0
NORMAL2-IM-1154-0001-0001.jpeg 0 0 0 0 0 0 0 0 0 0 0 0 0 0
NORMAL2-IM-1154-0001-0002.jpeg 0 0 0 0 0 0 0 0 0 0 0 0 0 0
NORMAL2-IM-1157-0001.jpeg 0 0 0 0 0 0 0 0 0 0 0 0 0 0
NORMAL2-IM-1162-0001.jpeg 0 0 0 0 0 0 0 0 0 0 0 0 0 0
NORMAL2-IM-1173-0001.jpeg 0 0 0 0 0 0 0 0 0 0 0 0 0 0
NORMAL2-IM-1178-0001.jpeg 0 0 0 0 0 0 0 0 0 0 0 0 0 0
NORMAL2-IM-1179-0001.jpeg 0 0 0 0 0 0 0 0 0 0 0 0 0 0
NORMAL2-IM-1181-0001.jpeg 0 0 0 0 0 0 0 0 0 0 0 0 0 0
NORMAL2-IM-1182-0001.jpeg 0 0 0 0 0 0 0 0 0 0 0 0 0 0
NORMAL2-IM-1185-0001.jpeg 0 0 0 0 0 0 0 0 0 0 0 0 0 0
NORMAL2-IM-1189-0001.jpeg 0 0 0 0 0 0 0 0 0 0 0 0 0 0
NORMAL2-IM-1190-0001.jpeg 0 0 0 0 0 0 0 0 0 0 0 0 0 0
NORMAL2-IM-1197-0001.jpeg 0 0 0 0 0 0 0 0 0 0 0 0 0 0
NORMAL2-IM-1202-0001.jpeg 0 0 0 0 0 0 0 0 0 0 0 0 0 0
NORMAL2-IM-1204-0001.jpeg 0 0 0 0 0 0 0 0 0 0 0 0 0 0
NORMAL2-IM-1205-0001.jpeg 0 0 0 0 0 0 0 0 0 0 0 0 0 0
NORMAL2-IM-1220-0001.jpeg 0 0 0 0 0 0 0 0 0 0 0 0 0 0
NORMAL2-IM-1223-0001.jpeg 0 0 0 0 0 0 0 0 0 0 0 0 0 0
NORMAL2-IM-1228-0001.jpeg 0 0 0 0 0 0 0 0 0 0 0 0 0 0
NORMAL2-IM-1234-0001.jpeg 0 0 0 0 0 0 0 0 0 0 0 0 0 0
NORMAL2-IM-1242-0001.jpeg 0 0 0 0 0 0 0 0 0 0 0 0 0 0
NORMAL2-IM-1243-0001.jpeg 0 0 0 0 0 0 0 0 0 0 0 0 0 0
NORMAL2-IM-1245-0001.jpeg 0 0 0 0 0 0 0 0 0 0 0 0 0 0
NORMAL2-IM-1257-0001.jpeg 0 0 0 0 0 0 0 0 0 0 0 0 0 0
NORMAL2-IM-1258-0001-0001.jpeg 0 0 0 0 0 0 0 0 0 0 0 0 0 0
NORMAL2-IM-1258-0001-0002.jpeg 0 0 0 0 0 0 0 0 0 0 0 0 0 0
NORMAL2-IM-1258-0001.jpeg 0 0 0 0 0 0 0 0 0 0 0 0 0 0
NORMAL2-IM-1266-0001-0001.jpeg 0 0 0 0 0 0 0 0 0 0 0 0 0 0
NORMAL2-IM-1267-0001.jpeg 0 0 0 0 0 0 0 0 0 0 0 0 0 0
NORMAL2-IM-1273-0001.jpeg 0 0 0 0 0 0 0 0 0 0 0 0 0 0
NORMAL2-IM-1275-0001.jpeg 0 0 0 0 0 0 0 0 0 0 0 0 0 0
NORMAL2-IM-1277-0001-0001.jpeg 0 0 0 0 0 0 0 0 0 0 0 0 0 0
NORMAL2-IM-1277-0001.jpeg 0 0 0 0 0 0 0 0 0 0 0 0 0 0
NORMAL2-IM-1279-0001.jpeg 0 0 0 0 0 0 0 0 0 0 0 0 0 0
NORMAL2-IM-1280-0001.jpeg 0 0 0 0 0 0 0 0 0 0 0 0 0 0
NORMAL2-IM-1285-0001.jpeg 0 0 0 0 0 0 0 0 0 0 0 0 0 0
NORMAL2-IM-1287-0001.jpeg 0 0 0 0 0 0 0 0 0 0 0 0 0 0
NORMAL2-IM-1288-0001.jpeg 0 0 0 0 0 0 0 0 0 0 0 0 0 0
NORMAL2-IM-1294-0001-0001.jpeg 0 0 0 0 0 0 0 0 0 0 0 0 0 0
NORMAL2-IM-1295-0001.jpeg 0 0 0 0 0 0 0 0 0 0 0 0 0 0
NORMAL2-IM-1300-0001.jpeg 0 0 0 0 0 0 0 0 0 0 0 0 0 0
NORMAL2-IM-1305-0001.jpeg 0 0 0 0 0 0 0 0 0 0 0 0 0 0
NORMAL2-IM-1308-0001.jpeg 0 0 0 0 0 0 0 0 0 0 0 0 0 0
NORMAL2-IM-1310-0001.jpeg 0 0 0 0 0 0 0 0 0 0 0 0 0 0
NORMAL2-IM-1314-0001.jpeg 0 0 0 0 0 0 0 0 0 0 0 0 0 0
NORMAL2-IM-1320-0001.jpeg 0 0 0 0 0 0 0 0 0 0 0 0 0 0
NORMAL2-IM-1328-0001.jpeg 0 0 0 0 0 0 0 0 0 0 0 0 0 0
NORMAL2-IM-1333-0001.jpeg 0 0 0 0 0 0 0 0 0 0 0 0 0 0
NORMAL2-IM-1335-0001.jpeg 0 0 0 0 0 0 0 0 0 0 0 0 0 0
NORMAL2-IM-1336-0001.jpeg 0 0 0 0 0 0 0 0 0 0 0 0 0 0
NORMAL2-IM-1341-0001.jpeg 0 0 0 0 0 0 0 0 0 0 0 0 0 0
NORMAL2-IM-1342-0001.jpeg 0 0 0 0 0 0 0 0 0 0 0 0 0 0
NORMAL2-IM-1345-0001-0002.jpeg 0 0 0 0 0 0 0 0 0 0 0 0 0 0
NORMAL2-IM-1347-0001.jpeg 0 0 0 0 0 0 0 0 0 0 0 0 0 0
NORMAL2-IM-1349-0001.jpeg 0 0 0 0 0 0 0 0 0 0 0 0 0 0
NORMAL2-IM-1350-0001.jpeg 0 0 0 0 0 0 0 0 0 0 0 0 0 0
NORMAL2-IM-1351-0001.jpeg 0 0 0 0 0 0 0 0 0 0 0 0 0 0
NORMAL2-IM-1360-0001.jpeg 0 0 0 0 0 0 0 0 0 0 0 0 0 0
NORMAL2-IM-1365-0001.jpeg 0 0 0 0 0 0 0 0 0 0 0 0 0 0
NORMAL2-IM-1376-0001.jpeg 0 0 0 0 0 0 0 0 0 0 0 0 0 0
NORMAL2-IM-1400-0001.jpeg 0 0 0 0 0 0 0 0 0 0 0 0 0 0
NORMAL2-IM-1412-0001.jpeg 0 0 0 0 0 0 0 0 0 0 0 0 0 0
NORMAL2-IM-1419-0001.jpeg 0 0 0 0 0 0 0 0 0 0 0 0 0 0
NORMAL2-IM-1422-0001.jpeg 0 0 0 0 0 0 0 0 0 0 0 0 0 0
NORMAL2-IM-1427-0001.jpeg 0 0 0 0 0 0 0 0 0 0 0 0 0 0
NORMAL2-IM-1430-0001.jpeg 0 0 0 0 0 0 0 0 0 0 0 0 0 0
NORMAL2-IM-1438-0001.jpeg 0 0 0 0 0 0 0 0 0 0 0 0 0 0
NORMAL2-IM-1440-0001.jpeg 0 0 0 0 0 0 0 0 0 0 0 0 0 0
NORMAL2-IM-1442-0001.jpeg 0 0 0 0 0 0 0 0 0 0 0 0 0 0
person1050_bacteria_2984.jpeg 0 0 0 0 0 0 1 0 0 0 0 0 0 0
person1051_virus_1750.jpeg 0 0 0 0 0 0 1 0 0 0 0 0 0 0
person108_virus_200.jpeg 0 0 0 0 0 0 1 0 0 0 0 0 0 0
person1120_virus_1845.jpeg 0 0 0 0 0 0 1 0 0 0 0 0 0 0
person115_virus_218.jpeg 0 0 0 0 0 0 1 0 0 0 0 0 0 0
person1176_virus_1997.jpeg 0 0 0 0 0 0 1 0 0 0 0 0 0 0
person1234_virus_2093.jpeg 0 0 0 0 0 0 1 0 0 0 0 0 0 0
person126_virus_255.jpeg 0 0 0 0 0 0 1 0 0 0 0 0 0 0
person1312_virus_2261.jpeg 0 0 0 0 0 0 1 0 0 0 0 0 0 0
person1320_bacteria_3340.jpeg 0 0 0 0 0 0 1 0 0 0 0 0 0 0
person1385_bacteria_3524.jpeg 0 0 0 0 0 0 1 0 0 0 0 0 0 0
person1406_bacteria_3574.jpeg 0 0 0 0 0 0 1 0 0 0 0 0 0 0
person1488_virus_2592.jpeg 0 0 0 0 0 0 1 0 0 0 0 0 0 0
person1506_bacteria_3933.jpeg 0 0 0 0 0 0 1 0 0 0 0 0 0 0
person1507_bacteria_3935.jpeg 0 0 0 0 0 0 1 0 0 0 0 0 0 0
person1509_bacteria_3951.jpeg 0 0 0 0 0 0 1 0 0 0 0 0 0 0
person1514_bacteria_3964.jpeg 0 0 0 0 0 0 1 0 0 0 0 0 0 0
person1535_bacteria_4016.jpeg 0 0 0 0 0 0 1 0 0 0 0 0 0 0
person1576_bacteria_4127.jpeg 0 0 0 0 0 0 1 0 0 0 0 0 0 0
person1607_virus_2785.jpeg 0 0 0 0 0 0 1 0 0 0 0 0 0 0
person1693_bacteria_4485.jpeg 0 0 0 0 0 0 1 0 0 0 0 0 0 0
person1721_bacteria_4546.jpeg 0 0 0 0 0 0 1 0 0 0 0 0 0 0
person1812_bacteria_4667.jpeg 0 0 0 0 0 0 1 0 0 0 0 0 0 0
person1841_bacteria_4708.jpeg 0 0 0 0 0 0 1 0 0 0 0 0 0 0
person1935_bacteria_4849.jpeg 0 0 0 0 0 0 1 0 0 0 0 0 0 0
person23_bacteria_78.jpeg 0 0 0 0 0 0 1 0 0 0 0 0 0 0
person23_bacteria_90.jpeg 0 0 0 0 0 0 1 0 0 0 0 0 0 0
person23_bacteria_98.jpeg 0 0 0 0 0 0 1 0 0 0 0 0 0 0
person24_bacteria_111.jpeg 0 0 0 0 0 0 1 0 0 0 0 0 0 0
person258_bacteria_1210.jpeg 0 0 0 0 0 0 1 0 0 0 0 0 0 0
person278_bacteria_1309.jpeg 0 0 0 0 0 0 1 0 0 0 0 0 0 0
person290_bacteria_1372.jpeg 0 0 0 0 0 0 1 0 0 0 0 0 0 0
person292_virus_599.jpeg 0 0 0 0 0 0 1 0 0 0 0 0 0 0
person293_virus_604.jpeg 0 0 0 0 0 0 1 0 0 0 0 0 0 0
person294_virus_610.jpeg 0 0 0 0 0 0 1 0 0 0 0 0 0 0
person299_bacteria_1418.jpeg 0 0 0 0 0 0 1 0 0 0 0 0 0 0
person300_bacteria_1421.jpeg 0 0 0 0 0 0 1 0 0 0 0 0 0 0
person30_bacteria_153.jpeg 0 0 0 0 0 0 1 0 0 0 0 0 0 0
person314_bacteria_1461.jpeg 0 0 0 0 0 0 1 0 0 0 0 0 0 0
person325_virus_661.jpeg 0 0 0 0 0 0 1 0 0 0 0 0 0 0
person347_bacteria_1594.jpeg 0 0 0 0 0 0 1 0 0 0 0 0 0 0
person381_bacteria_1731.jpeg 0 0 0 0 0 0 1 0 0 0 0 0 0 0
person383_bacteria_1749.jpeg 0 0 0 0 0 0 1 0 0 0 0 0 0 0
person43_bacteria_213.jpeg 0 0 0 0 0 0 1 0 0 0 0 0 0 0
person442_virus_906.jpeg 0 0 0 0 0 0 1 0 0 0 0 0 0 0
person446_virus_920.jpeg 0 0 0 0 0 0 1 0 0 0 0 0 0 0
person449_bacteria_1938.jpeg 0 0 0 0 0 0 1 0 0 0 0 0 0 0
person453_virus_936.jpeg 0 0 0 0 0 0 1 0 0 0 0 0 0 0
person459_virus_947.jpeg 0 0 0 0 0 0 1 0 0 0 0 0 0 0
person460_bacteria_1958.jpeg 0 0 0 0 0 0 1 0 0 0 0 0 0 0
person465_bacteria_1982.jpeg 0 0 0 0 0 0 1 0 0 0 0 0 0 0
person469_bacteria_1992.jpeg 0 0 0 0 0 0 1 0 0 0 0 0 0 0
person479_virus_978.jpeg 0 0 0 0 0 0 1 0 0 0 0 0 0 0
person501_bacteria_2114.jpeg 0 0 0 0 0 0 1 0 0 0 0 0 0 0
person515_bacteria_2190.jpeg 0 0 0 0 0 0 1 0 0 0 0 0 0 0
person525_bacteria_2220.jpeg 0 0 0 0 0 0 1 0 0 0 0 0 0 0
person537_bacteria_2262.jpeg 0 0 0 0 0 0 1 0 0 0 0 0 0 0
person549_bacteria_2303.jpeg 0 0 0 0 0 0 1 0 0 0 0 0 0 0
person550_virus_1090.jpeg 0 0 0 0 0 0 1 0 0 0 0 0 0 0
person557_bacteria_2327.jpeg 0 0 0 0 0 0 1 0 0 0 0 0 0 0
person598_bacteria_2454.jpeg 0 0 0 0 0 0 1 0 0 0 0 0 0 0
person604_bacteria_2462.jpeg 0 0 0 0 0 0 1 0 0 0 0 0 0 0
person605_bacteria_2465.jpeg 0 0 0 0 0 0 1 0 0 0 0 0 0 0
person605_bacteria_2466.jpeg 0 0 0 0 0 0 1 0 0 0 0 0 0 0
person616_virus_1186.jpeg 0 0 0 0 0 0 1 0 0 0 0 0 0 0
person624_virus_1198.jpeg 0 0 0 0 0 0 1 0 0 0 0 0 0 0
person642_virus_1223.jpeg 0 0 0 0 0 0 1 0 0 0 0 0 0 0
person64_bacteria_316.jpeg 0 0 0 0 0 0 1 0 0 0 0 0 0 0
person663_virus_1248.jpeg 0 0 0 0 0 0 1 0 0 0 0 0 0 0
person674_bacteria_2568.jpeg 0 0 0 0 0 0 1 0 0 0 0 0 0 0
person736_virus_1358.jpeg 0 0 0 0 0 0 1 0 0 0 0 0 0 0
person738_bacteria_2641.jpeg 0 0 0 0 0 0 1 0 0 0 0 0 0 0
person838_virus_1476.jpeg 0 0 0 0 0 0 1 0 0 0 0 0 0 0
person88_virus_165.jpeg 0 0 0 0 0 0 1 0 0 0 0 0 0 0
